INSERT INTO `country` (`id`,`name`) VALUES (1,'Japan');
INSERT INTO `country` (`id`,`name`) VALUES (2,'United States');
INSERT INTO `country` (`id`,`name`) VALUES (3,'Mexico');
INSERT INTO `country` (`id`,`name`) VALUES (4,'India');
INSERT INTO `country` (`id`,`name`) VALUES (5,'Brazil');
INSERT INTO `country` (`id`,`name`) VALUES (6,'China');
INSERT INTO `country` (`id`,`name`) VALUES (7,'Bangladesh');
INSERT INTO `country` (`id`,`name`) VALUES (8,'Argentina');
INSERT INTO `country` (`id`,`name`) VALUES (9,'Pakistan');
INSERT INTO `country` (`id`,`name`) VALUES (10,'Egypt');
INSERT INTO `country` (`id`,`name`) VALUES (11,'Philippines');
INSERT INTO `country` (`id`,`name`) VALUES (12,'Russia');
INSERT INTO `country` (`id`,`name`) VALUES (13,'Turkey');
INSERT INTO `country` (`id`,`name`) VALUES (14,'France');
INSERT INTO `country` (`id`,`name`) VALUES (15,'Korea');
INSERT INTO `country` (`id`,`name`) VALUES (16,'Nigeria');
INSERT INTO `country` (`id`,`name`) VALUES (17,'Indonesia');
INSERT INTO `country` (`id`,`name`) VALUES (18,'United Kingdom');
INSERT INTO `country` (`id`,`name`) VALUES (19,'Peru');
INSERT INTO `country` (`id`,`name`) VALUES (20,'Iran');
INSERT INTO `country` (`id`,`name`) VALUES (21,'Congo (Kinshasa)');
INSERT INTO `country` (`id`,`name`) VALUES (22,'Colombia');
INSERT INTO `country` (`id`,`name`) VALUES (23,'Hong Kong');
INSERT INTO `country` (`id`,`name`) VALUES (24,'Taiwan');
INSERT INTO `country` (`id`,`name`) VALUES (25,'Thailand');
INSERT INTO `country` (`id`,`name`) VALUES (26,'Chile');
INSERT INTO `country` (`id`,`name`) VALUES (27,'Spain');
INSERT INTO `country` (`id`,`name`) VALUES (28,'Vietnam');
INSERT INTO `country` (`id`,`name`) VALUES (29,'Canada');
INSERT INTO `country` (`id`,`name`) VALUES (30,'Singapore');
INSERT INTO `country` (`id`,`name`) VALUES (31,'Angola');
INSERT INTO `country` (`id`,`name`) VALUES (32,'Iraq');
INSERT INTO `country` (`id`,`name`) VALUES (33,'Sudan');
INSERT INTO `country` (`id`,`name`) VALUES (34,'Australia');
INSERT INTO `country` (`id`,`name`) VALUES (35,'Saudi Arabia');
INSERT INTO `country` (`id`,`name`) VALUES (36,'Burma');
INSERT INTO `country` (`id`,`name`) VALUES (37,'Côte D’Ivoire');
INSERT INTO `country` (`id`,`name`) VALUES (38,'South Africa');
INSERT INTO `country` (`id`,`name`) VALUES (39,'Germany');
INSERT INTO `country` (`id`,`name`) VALUES (40,'Algeria');
INSERT INTO `country` (`id`,`name`) VALUES (41,'Italy');
INSERT INTO `country` (`id`,`name`) VALUES (42,'Afghanistan');
INSERT INTO `country` (`id`,`name`) VALUES (43,'Greece');
INSERT INTO `country` (`id`,`name`) VALUES (44,'Morocco');
INSERT INTO `country` (`id`,`name`) VALUES (45,'Israel');
INSERT INTO `country` (`id`,`name`) VALUES (46,'Ethiopia');
INSERT INTO `country` (`id`,`name`) VALUES (47,'Kenya');
INSERT INTO `country` (`id`,`name`) VALUES (48,'Venezuela');
INSERT INTO `country` (`id`,`name`) VALUES (49,'Tanzania');
INSERT INTO `country` (`id`,`name`) VALUES (50,'Portugal');
INSERT INTO `country` (`id`,`name`) VALUES (51,'Poland');
INSERT INTO `country` (`id`,`name`) VALUES (52,'Syria');
INSERT INTO `country` (`id`,`name`) VALUES (53,'Ukraine');
INSERT INTO `country` (`id`,`name`) VALUES (54,'Senegal');
INSERT INTO `country` (`id`,`name`) VALUES (55,'Ecuador');
INSERT INTO `country` (`id`,`name`) VALUES (56,'Malaysia');
INSERT INTO `country` (`id`,`name`) VALUES (57,'Tunisia');
INSERT INTO `country` (`id`,`name`) VALUES (58,'Austria');
INSERT INTO `country` (`id`,`name`) VALUES (59,'Libya');
INSERT INTO `country` (`id`,`name`) VALUES (60,'Uzbekistan');
INSERT INTO `country` (`id`,`name`) VALUES (61,'Cuba');
INSERT INTO `country` (`id`,`name`) VALUES (62,'Dominican Republic');
INSERT INTO `country` (`id`,`name`) VALUES (63,'Azerbaijan');
INSERT INTO `country` (`id`,`name`) VALUES (64,'Ghana');
INSERT INTO `country` (`id`,`name`) VALUES (65,'Bolivia');
INSERT INTO `country` (`id`,`name`) VALUES (66,'Kuwait');
INSERT INTO `country` (`id`,`name`) VALUES (67,'Yemen');
INSERT INTO `country` (`id`,`name`) VALUES (68,'Haiti');
INSERT INTO `country` (`id`,`name`) VALUES (69,'Romania');
INSERT INTO `country` (`id`,`name`) VALUES (70,'Cameroon');
INSERT INTO `country` (`id`,`name`) VALUES (71,'Paraguay');
INSERT INTO `country` (`id`,`name`) VALUES (72,'Lebanon');
INSERT INTO `country` (`id`,`name`) VALUES (73,'Belarus');
INSERT INTO `country` (`id`,`name`) VALUES (74,'Belgium');
INSERT INTO `country` (`id`,`name`) VALUES (75,'Madagascar');
INSERT INTO `country` (`id`,`name`) VALUES (76,'Hungary');
INSERT INTO `country` (`id`,`name`) VALUES (77,'Zimbabwe');
INSERT INTO `country` (`id`,`name`) VALUES (78,'Uruguay');
INSERT INTO `country` (`id`,`name`) VALUES (79,'Mali');
INSERT INTO `country` (`id`,`name`) VALUES (80,'Guinea');
INSERT INTO `country` (`id`,`name`) VALUES (81,'Cambodia');
INSERT INTO `country` (`id`,`name`) VALUES (82,'Togo');
INSERT INTO `country` (`id`,`name`) VALUES (83,'Qatar');
INSERT INTO `country` (`id`,`name`) VALUES (84,'Mozambique');
INSERT INTO `country` (`id`,`name`) VALUES (85,'El Salvador');
INSERT INTO `country` (`id`,`name`) VALUES (86,'Uganda');
INSERT INTO `country` (`id`,`name`) VALUES (87,'Netherlands');
INSERT INTO `country` (`id`,`name`) VALUES (88,'United Arab Emirates');
INSERT INTO `country` (`id`,`name`) VALUES (89,'New Zealand');
INSERT INTO `country` (`id`,`name`) VALUES (90,'Congo (Brazzaville)');
INSERT INTO `country` (`id`,`name`) VALUES (91,'Zambia');
INSERT INTO `country` (`id`,`name`) VALUES (92,'Costa Rica');
INSERT INTO `country` (`id`,`name`) VALUES (93,'Panama');
INSERT INTO `country` (`id`,`name`) VALUES (94,'Sweden');
INSERT INTO `country` (`id`,`name`) VALUES (95,'Switzerland');
INSERT INTO `country` (`id`,`name`) VALUES (96,'Kazakhstan');
INSERT INTO `country` (`id`,`name`) VALUES (97,'Bulgaria');
INSERT INTO `country` (`id`,`name`) VALUES (98,'Czechia');
INSERT INTO `country` (`id`,`name`) VALUES (99,'Burkina Faso');
INSERT INTO `country` (`id`,`name`) VALUES (100,'Finland');
INSERT INTO `country` (`id`,`name`) VALUES (101,'Armenia');
INSERT INTO `country` (`id`,`name`) VALUES (102,'Somalia');
INSERT INTO `country` (`id`,`name`) VALUES (103,'Georgia');
INSERT INTO `country` (`id`,`name`) VALUES (104,'Serbia');
INSERT INTO `country` (`id`,`name`) VALUES (105,'Tajikistan');
INSERT INTO `country` (`id`,`name`) VALUES (106,'Denmark');
INSERT INTO `country` (`id`,`name`) VALUES (107,'Jordan');
INSERT INTO `country` (`id`,`name`) VALUES (108,'Ireland');
INSERT INTO `country` (`id`,`name`) VALUES (109,'Liberia');
INSERT INTO `country` (`id`,`name`) VALUES (110,'Guatemala');
INSERT INTO `country` (`id`,`name`) VALUES (111,'Chad');
INSERT INTO `country` (`id`,`name`) VALUES (112,'Honduras');
INSERT INTO `country` (`id`,`name`) VALUES (113,'Jamaica');
INSERT INTO `country` (`id`,`name`) VALUES (114,'Djibouti');
INSERT INTO `country` (`id`,`name`) VALUES (115,'Nicaragua');
INSERT INTO `country` (`id`,`name`) VALUES (116,'Niger');
INSERT INTO `country` (`id`,`name`) VALUES (117,'Albania');
INSERT INTO `country` (`id`,`name`) VALUES (118,'Nepal');
INSERT INTO `country` (`id`,`name`) VALUES (119,'Mongolia');
INSERT INTO `country` (`id`,`name`) VALUES (120,'Rwanda');
INSERT INTO `country` (`id`,`name`) VALUES (121,'Kyrgyzstan');
INSERT INTO `country` (`id`,`name`) VALUES (122,'Norway');
INSERT INTO `country` (`id`,`name`) VALUES (123,'Central African Republic');
INSERT INTO `country` (`id`,`name`) VALUES (124,'Sierra Leone');
INSERT INTO `country` (`id`,`name`) VALUES (125,'Benin');
INSERT INTO `country` (`id`,`name`) VALUES (126,'Laos');
INSERT INTO `country` (`id`,`name`) VALUES (127,'Latvia');
INSERT INTO `country` (`id`,`name`) VALUES (128,'Mauritania');
INSERT INTO `country` (`id`,`name`) VALUES (129,'Oman');
INSERT INTO `country` (`id`,`name`) VALUES (130,'Turkmenistan');
INSERT INTO `country` (`id`,`name`) VALUES (131,'Croatia');
INSERT INTO `country` (`id`,`name`) VALUES (132,'Bosnia And Herzegovina');
INSERT INTO `country` (`id`,`name`) VALUES (133,'Moldova');
INSERT INTO `country` (`id`,`name`) VALUES (134,'Malawi');
INSERT INTO `country` (`id`,`name`) VALUES (135,'Eritrea');
INSERT INTO `country` (`id`,`name`) VALUES (136,'Mauritius');
INSERT INTO `country` (`id`,`name`) VALUES (137,'Gabon');
INSERT INTO `country` (`id`,`name`) VALUES (138,'Bahrain');
INSERT INTO `country` (`id`,`name`) VALUES (139,'Lithuania');
INSERT INTO `country` (`id`,`name`) VALUES (140,'Macedonia');
INSERT INTO `country` (`id`,`name`) VALUES (141,'Slovakia');
INSERT INTO `country` (`id`,`name`) VALUES (142,'Guinea-Bissau');
INSERT INTO `country` (`id`,`name`) VALUES (143,'Estonia');
INSERT INTO `country` (`id`,`name`) VALUES (144,'Malta');
INSERT INTO `country` (`id`,`name`) VALUES (145,'Lesotho');
INSERT INTO `country` (`id`,`name`) VALUES (146,'Burundi');
INSERT INTO `country` (`id`,`name`) VALUES (147,'Slovenia');
INSERT INTO `country` (`id`,`name`) VALUES (148,'Brunei');
INSERT INTO `country` (`id`,`name`) VALUES (149,'Trinidad And Tobago');
INSERT INTO `country` (`id`,`name`) VALUES (150,'Papua New Guinea');
INSERT INTO `country` (`id`,`name`) VALUES (151,'Namibia');
INSERT INTO `country` (`id`,`name`) VALUES (152,'Guyana');
INSERT INTO `country` (`id`,`name`) VALUES (153,'Suriname');
INSERT INTO `country` (`id`,`name`) VALUES (154,'Timor-Leste');
INSERT INTO `country` (`id`,`name`) VALUES (155,'Bahamas');
INSERT INTO `country` (`id`,`name`) VALUES (156,'Cyprus');
INSERT INTO `country` (`id`,`name`) VALUES (157,'Sri Lanka');
INSERT INTO `country` (`id`,`name`) VALUES (158,'Botswana');
INSERT INTO `country` (`id`,`name`) VALUES (159,'Barbados');
INSERT INTO `country` (`id`,`name`) VALUES (160,'Fiji');
INSERT INTO `country` (`id`,`name`) VALUES (161,'Iceland');
INSERT INTO `country` (`id`,`name`) VALUES (162,'Equatorial Guinea');
INSERT INTO `country` (`id`,`name`) VALUES (163,'Curaçao');
INSERT INTO `country` (`id`,`name`) VALUES (164,'Montenegro');
INSERT INTO `country` (`id`,`name`) VALUES (165,'Comoros');
INSERT INTO `country` (`id`,`name`) VALUES (166,'Cabo Verde');
INSERT INTO `country` (`id`,`name`) VALUES (167,'Maldives');
INSERT INTO `country` (`id`,`name`) VALUES (168,'South Sudan');
INSERT INTO `country` (`id`,`name`) VALUES (169,'Luxembourg');
INSERT INTO `country` (`id`,`name`) VALUES (170,'Bhutan');
INSERT INTO `country` (`id`,`name`) VALUES (171,'Swaziland');
INSERT INTO `country` (`id`,`name`) VALUES (172,'Sao Tome And Principe');
INSERT INTO `country` (`id`,`name`) VALUES (173,'Solomon Islands');
INSERT INTO `country` (`id`,`name`) VALUES (174,'Aruba');
INSERT INTO `country` (`id`,`name`) VALUES (175,'Samoa');
INSERT INTO `country` (`id`,`name`) VALUES (176,'Andorra');
INSERT INTO `country` (`id`,`name`) VALUES (177,'Saint Vincent And The Grenadines');
INSERT INTO `country` (`id`,`name`) VALUES (178,'Vanuatu');
INSERT INTO `country` (`id`,`name`) VALUES (179,'Gambia');
INSERT INTO `country` (`id`,`name`) VALUES (180,'Tonga');
INSERT INTO `country` (`id`,`name`) VALUES (181,'Saint Lucia');
INSERT INTO `country` (`id`,`name`) VALUES (182,'Monaco');
INSERT INTO `country` (`id`,`name`) VALUES (183,'Liechtenstein');
INSERT INTO `country` (`id`,`name`) VALUES (184,'Antigua And Barbuda');
INSERT INTO `country` (`id`,`name`) VALUES (185,'Grenada');
INSERT INTO `country` (`id`,`name`) VALUES (186,'Seychelles');
INSERT INTO `country` (`id`,`name`) VALUES (187,'San Marino');
INSERT INTO `country` (`id`,`name`) VALUES (188,'Kiribati');
INSERT INTO `country` (`id`,`name`) VALUES (189,'Marshall Islands');
INSERT INTO `country` (`id`,`name`) VALUES (190,'Dominica');
INSERT INTO `country` (`id`,`name`) VALUES (191,'Saint Kitts And Nevis');
INSERT INTO `country` (`id`,`name`) VALUES (192,'Belize');
INSERT INTO `country` (`id`,`name`) VALUES (193,'American Samoa');
INSERT INTO `country` (`id`,`name`) VALUES (194,'Tuvalu');
INSERT INTO `country` (`id`,`name`) VALUES (195,'Micronesia');
INSERT INTO `country` (`id`,`name`) VALUES (196,'Northern Mariana Islands');
INSERT INTO `country` (`id`,`name`) VALUES (197,'Guam');
INSERT INTO `country` (`id`,`name`) VALUES (198,'West Bank');
INSERT INTO `country` (`id`,`name`) VALUES (199,'Sint Maarten');
INSERT INTO `country` (`id`,`name`) VALUES (200,'Kosovo');
INSERT INTO `country` (`id`,`name`) VALUES (201,'Palau');
INSERT INTO `country` (`id`,`name`) VALUES (202,'Macau');
INSERT INTO `country` (`id`,`name`) VALUES (203,'Puerto Rico');
INSERT INTO `country` (`id`,`name`) VALUES (204,'Martinique');
INSERT INTO `country` (`id`,`name`) VALUES (205,'Reunion');
INSERT INTO `country` (`id`,`name`) VALUES (206,'Gibraltar');
INSERT INTO `country` (`id`,`name`) VALUES (207,'Guadeloupe');
INSERT INTO `country` (`id`,`name`) VALUES (208,'French Polynesia');
INSERT INTO `country` (`id`,`name`) VALUES (209,'New Caledonia');
INSERT INTO `country` (`id`,`name`) VALUES (210,'French Guiana');
INSERT INTO `country` (`id`,`name`) VALUES (211,'Mayotte');
INSERT INTO `country` (`id`,`name`) VALUES (212,'Greenland');
INSERT INTO `country` (`id`,`name`) VALUES (213,'Faroe Islands');
INSERT INTO `country` (`id`,`name`) VALUES (214,'Wallis And Futuna');
INSERT INTO `country` (`id`,`name`) VALUES (215,'Saint Helena');
INSERT INTO `country` (`id`,`name`) VALUES (216,'Bermuda');
INSERT INTO `country` (`id`,`name`) VALUES (217,'Isle Of Man');
INSERT INTO `country` (`id`,`name`) VALUES (218,'24.9408');
INSERT INTO `country` (`id`,`name`) VALUES (219,'Turks And Caicos Islands');
INSERT INTO `country` (`id`,`name`) VALUES (220,'Cayman Islands');
INSERT INTO `country` (`id`,`name`) VALUES (221,'Cook Islands');
INSERT INTO `country` (`id`,`name`) VALUES (222,'Falkland Islands (Islas Malvinas)');
INSERT INTO `country` (`id`,`name`) VALUES (223,'South Georgia And South Sandwich Islands');



INSERT INTO `place` (`id`,`name`,`country_id`) VALUES (1,'Tokyo',1);
INSERT INTO `place` (`id`,`name`,`country_id`) VALUES (2,'Ōsaka',1);
INSERT INTO `place` (`id`,`name`,`country_id`) VALUES (3,'Yokohama',1);
INSERT INTO `place` (`id`,`name`,`country_id`) VALUES (4,'Nagoya',1);
INSERT INTO `place` (`id`,`name`,`country_id`) VALUES (5,'Fukuoka',1);
INSERT INTO `place` (`id`,`name`,`country_id`) VALUES (6,'Sapporo',1);
INSERT INTO `place` (`id`,`name`,`country_id`) VALUES (7,'Sendai',1);
INSERT INTO `place` (`id`,`name`,`country_id`) VALUES (8,'Hiroshima',1);
INSERT INTO `place` (`id`,`name`,`country_id`) VALUES (9,'Kyōto',1);
INSERT INTO `place` (`id`,`name`,`country_id`) VALUES (10,'Kōbe',1);
INSERT INTO `place` (`id`,`name`,`country_id`) VALUES (11,'Kawanakajima',1);
INSERT INTO `place` (`id`,`name`,`country_id`) VALUES (12,'Kitaku',1);
INSERT INTO `place` (`id`,`name`,`country_id`) VALUES (13,'Hamamatsu',1);
INSERT INTO `place` (`id`,`name`,`country_id`) VALUES (14,'Naha',1);
INSERT INTO `place` (`id`,`name`,`country_id`) VALUES (15,'Okayama',1);
INSERT INTO `place` (`id`,`name`,`country_id`) VALUES (16,'New York',2);
INSERT INTO `place` (`id`,`name`,`country_id`) VALUES (17,'Los Angeles',2);
INSERT INTO `place` (`id`,`name`,`country_id`) VALUES (18,'Chicago',2);
INSERT INTO `place` (`id`,`name`,`country_id`) VALUES (19,'Miami',2);
INSERT INTO `place` (`id`,`name`,`country_id`) VALUES (20,'Dallas',2);
INSERT INTO `place` (`id`,`name`,`country_id`) VALUES (21,'Philadelphia',2);
INSERT INTO `place` (`id`,`name`,`country_id`) VALUES (22,'Houston',2);
INSERT INTO `place` (`id`,`name`,`country_id`) VALUES (23,'Washington',2);
INSERT INTO `place` (`id`,`name`,`country_id`) VALUES (24,'Atlanta',2);
INSERT INTO `place` (`id`,`name`,`country_id`) VALUES (25,'Boston',2);
INSERT INTO `place` (`id`,`name`,`country_id`) VALUES (26,'Phoenix',2);
INSERT INTO `place` (`id`,`name`,`country_id`) VALUES (27,'Seattle',2);
INSERT INTO `place` (`id`,`name`,`country_id`) VALUES (28,'San Francisco',2);
INSERT INTO `place` (`id`,`name`,`country_id`) VALUES (29,'Detroit',2);
INSERT INTO `place` (`id`,`name`,`country_id`) VALUES (30,'San Diego',2);
INSERT INTO `place` (`id`,`name`,`country_id`) VALUES (31,'Mexico City',3);
INSERT INTO `place` (`id`,`name`,`country_id`) VALUES (32,'Guadalajara',3);
INSERT INTO `place` (`id`,`name`,`country_id`) VALUES (33,'Monterrey',3);
INSERT INTO `place` (`id`,`name`,`country_id`) VALUES (34,'Puebla',3);
INSERT INTO `place` (`id`,`name`,`country_id`) VALUES (35,'Tijuana',3);
INSERT INTO `place` (`id`,`name`,`country_id`) VALUES (36,'Toluca',3);
INSERT INTO `place` (`id`,`name`,`country_id`) VALUES (37,'León de los Aldama',3);
INSERT INTO `place` (`id`,`name`,`country_id`) VALUES (38,'Juárez',3);
INSERT INTO `place` (`id`,`name`,`country_id`) VALUES (39,'Torreón',3);
INSERT INTO `place` (`id`,`name`,`country_id`) VALUES (40,'Ciudad Nezahualcóyotl',3);
INSERT INTO `place` (`id`,`name`,`country_id`) VALUES (41,'San Luis Potosí',3);
INSERT INTO `place` (`id`,`name`,`country_id`) VALUES (42,'Mérida',3);
INSERT INTO `place` (`id`,`name`,`country_id`) VALUES (43,'Querétaro',3);
INSERT INTO `place` (`id`,`name`,`country_id`) VALUES (44,'Mexicali',3);
INSERT INTO `place` (`id`,`name`,`country_id`) VALUES (45,'Aguascalientes',3);
INSERT INTO `place` (`id`,`name`,`country_id`) VALUES (46,'Mumbai',4);
INSERT INTO `place` (`id`,`name`,`country_id`) VALUES (47,'Delhi',4);
INSERT INTO `place` (`id`,`name`,`country_id`) VALUES (48,'Kolkata',4);
INSERT INTO `place` (`id`,`name`,`country_id`) VALUES (49,'Chennai',4);
INSERT INTO `place` (`id`,`name`,`country_id`) VALUES (50,'Bengalūru',4);
INSERT INTO `place` (`id`,`name`,`country_id`) VALUES (51,'Hyderabad',4);
INSERT INTO `place` (`id`,`name`,`country_id`) VALUES (52,'Ahmadābād',4);
INSERT INTO `place` (`id`,`name`,`country_id`) VALUES (53,'Hāora',4);
INSERT INTO `place` (`id`,`name`,`country_id`) VALUES (54,'Pune',4);
INSERT INTO `place` (`id`,`name`,`country_id`) VALUES (55,'Sūrat',4);
INSERT INTO `place` (`id`,`name`,`country_id`) VALUES (56,'Cawnpore',4);
INSERT INTO `place` (`id`,`name`,`country_id`) VALUES (57,'Jaipur',4);
INSERT INTO `place` (`id`,`name`,`country_id`) VALUES (58,'Lucknow',4);
INSERT INTO `place` (`id`,`name`,`country_id`) VALUES (59,'Nāgpur',4);
INSERT INTO `place` (`id`,`name`,`country_id`) VALUES (60,'Patna',4);
INSERT INTO `place` (`id`,`name`,`country_id`) VALUES (61,'São Paulo',5);
INSERT INTO `place` (`id`,`name`,`country_id`) VALUES (62,'Rio de Janeiro',5);
INSERT INTO `place` (`id`,`name`,`country_id`) VALUES (63,'Belo Horizonte',5);
INSERT INTO `place` (`id`,`name`,`country_id`) VALUES (64,'Porto Alegre',5);
INSERT INTO `place` (`id`,`name`,`country_id`) VALUES (65,'Brasília',5);
INSERT INTO `place` (`id`,`name`,`country_id`) VALUES (66,'Recife',5);
INSERT INTO `place` (`id`,`name`,`country_id`) VALUES (67,'Fortaleza',5);
INSERT INTO `place` (`id`,`name`,`country_id`) VALUES (68,'Salvador',5);
INSERT INTO `place` (`id`,`name`,`country_id`) VALUES (69,'Curitiba',5);
INSERT INTO `place` (`id`,`name`,`country_id`) VALUES (70,'Campinas',5);
INSERT INTO `place` (`id`,`name`,`country_id`) VALUES (71,'Belém',5);
INSERT INTO `place` (`id`,`name`,`country_id`) VALUES (72,'Goiânia',5);
INSERT INTO `place` (`id`,`name`,`country_id`) VALUES (73,'Manaus',5);
INSERT INTO `place` (`id`,`name`,`country_id`) VALUES (74,'Santos',5);
INSERT INTO `place` (`id`,`name`,`country_id`) VALUES (75,'Vitória',5);
INSERT INTO `place` (`id`,`name`,`country_id`) VALUES (76,'Shanghai',6);
INSERT INTO `place` (`id`,`name`,`country_id`) VALUES (77,'Beijing',6);
INSERT INTO `place` (`id`,`name`,`country_id`) VALUES (78,'Guangzhou',6);
INSERT INTO `place` (`id`,`name`,`country_id`) VALUES (79,'Shenzhen',6);
INSERT INTO `place` (`id`,`name`,`country_id`) VALUES (80,'Wuhan',6);
INSERT INTO `place` (`id`,`name`,`country_id`) VALUES (81,'Tianjin',6);
INSERT INTO `place` (`id`,`name`,`country_id`) VALUES (82,'Chongqing',6);
INSERT INTO `place` (`id`,`name`,`country_id`) VALUES (83,'Shenyang',6);
INSERT INTO `place` (`id`,`name`,`country_id`) VALUES (84,'Dongguan',6);
INSERT INTO `place` (`id`,`name`,`country_id`) VALUES (85,'Chengdu',6);
INSERT INTO `place` (`id`,`name`,`country_id`) VALUES (86,'Xi’an',6);
INSERT INTO `place` (`id`,`name`,`country_id`) VALUES (87,'Hechi',6);
INSERT INTO `place` (`id`,`name`,`country_id`) VALUES (88,'Nanjing',6);
INSERT INTO `place` (`id`,`name`,`country_id`) VALUES (89,'Guiyang',6);
INSERT INTO `place` (`id`,`name`,`country_id`) VALUES (90,'Harbin',6);
INSERT INTO `place` (`id`,`name`,`country_id`) VALUES (91,'Dhaka',7);
INSERT INTO `place` (`id`,`name`,`country_id`) VALUES (92,'Chittagong',7);
INSERT INTO `place` (`id`,`name`,`country_id`) VALUES (93,'Khulna',7);
INSERT INTO `place` (`id`,`name`,`country_id`) VALUES (94,'Rājshāhi',7);
INSERT INTO `place` (`id`,`name`,`country_id`) VALUES (95,'Comilla',7);
INSERT INTO `place` (`id`,`name`,`country_id`) VALUES (96,'Mymensingh',7);
INSERT INTO `place` (`id`,`name`,`country_id`) VALUES (97,'Rangpur',7);
INSERT INTO `place` (`id`,`name`,`country_id`) VALUES (98,'Jessore',7);
INSERT INTO `place` (`id`,`name`,`country_id`) VALUES (99,'Sylhet',7);
INSERT INTO `place` (`id`,`name`,`country_id`) VALUES (100,'Saidpur',7);
INSERT INTO `place` (`id`,`name`,`country_id`) VALUES (101,'Nārāyanganj',7);
INSERT INTO `place` (`id`,`name`,`country_id`) VALUES (102,'Barisāl',7);
INSERT INTO `place` (`id`,`name`,`country_id`) VALUES (103,'Tāngāil',7);
INSERT INTO `place` (`id`,`name`,`country_id`) VALUES (104,'Jamālpur',7);
INSERT INTO `place` (`id`,`name`,`country_id`) VALUES (105,'Nawābganj',7);
INSERT INTO `place` (`id`,`name`,`country_id`) VALUES (106,'Buenos Aires',8);
INSERT INTO `place` (`id`,`name`,`country_id`) VALUES (107,'Córdoba',8);
INSERT INTO `place` (`id`,`name`,`country_id`) VALUES (108,'Rosario',8);
INSERT INTO `place` (`id`,`name`,`country_id`) VALUES (109,'Mendoza',8);
INSERT INTO `place` (`id`,`name`,`country_id`) VALUES (110,'San Miguel de Tucumán',8);
INSERT INTO `place` (`id`,`name`,`country_id`) VALUES (111,'La Plata',8);
INSERT INTO `place` (`id`,`name`,`country_id`) VALUES (112,'Mar del Plata',8);
INSERT INTO `place` (`id`,`name`,`country_id`) VALUES (113,'Salta',8);
INSERT INTO `place` (`id`,`name`,`country_id`) VALUES (114,'Santa Fe',8);
INSERT INTO `place` (`id`,`name`,`country_id`) VALUES (115,'San Juan',8);
INSERT INTO `place` (`id`,`name`,`country_id`) VALUES (116,'San Luis',8);
INSERT INTO `place` (`id`,`name`,`country_id`) VALUES (117,'Resistencia',8);
INSERT INTO `place` (`id`,`name`,`country_id`) VALUES (118,'Posadas',8);
INSERT INTO `place` (`id`,`name`,`country_id`) VALUES (119,'Santiago del Estero',8);
INSERT INTO `place` (`id`,`name`,`country_id`) VALUES (120,'Corrientes',8);
INSERT INTO `place` (`id`,`name`,`country_id`) VALUES (121,'Karachi',9);
INSERT INTO `place` (`id`,`name`,`country_id`) VALUES (122,'Lahore',9);
INSERT INTO `place` (`id`,`name`,`country_id`) VALUES (123,'Faisalabad',9);
INSERT INTO `place` (`id`,`name`,`country_id`) VALUES (124,'Saidu Sharif',9);
INSERT INTO `place` (`id`,`name`,`country_id`) VALUES (125,'Rawalpindi',9);
INSERT INTO `place` (`id`,`name`,`country_id`) VALUES (126,'Multan',9);
INSERT INTO `place` (`id`,`name`,`country_id`) VALUES (127,'Gujranwala',9);
INSERT INTO `place` (`id`,`name`,`country_id`) VALUES (128,'Hyderabad City',9);
INSERT INTO `place` (`id`,`name`,`country_id`) VALUES (129,'Peshawar',9);
INSERT INTO `place` (`id`,`name`,`country_id`) VALUES (130,'Abbottabad',9);
INSERT INTO `place` (`id`,`name`,`country_id`) VALUES (131,'Islamabad',9);
INSERT INTO `place` (`id`,`name`,`country_id`) VALUES (132,'Quetta',9);
INSERT INTO `place` (`id`,`name`,`country_id`) VALUES (133,'Bannu',9);
INSERT INTO `place` (`id`,`name`,`country_id`) VALUES (134,'Bahawalpur',9);
INSERT INTO `place` (`id`,`name`,`country_id`) VALUES (135,'Sargodha',9);
INSERT INTO `place` (`id`,`name`,`country_id`) VALUES (136,'Cairo',10);
INSERT INTO `place` (`id`,`name`,`country_id`) VALUES (137,'Alexandria',10);
INSERT INTO `place` (`id`,`name`,`country_id`) VALUES (138,'Giza',10);
INSERT INTO `place` (`id`,`name`,`country_id`) VALUES (139,'Ismailia',10);
INSERT INTO `place` (`id`,`name`,`country_id`) VALUES (140,'Port Said',10);
INSERT INTO `place` (`id`,`name`,`country_id`) VALUES (141,'Luxor',10);
INSERT INTO `place` (`id`,`name`,`country_id`) VALUES (142,'Sūhāj',10);
INSERT INTO `place` (`id`,`name`,`country_id`) VALUES (143,'Al Manşūrah',10);
INSERT INTO `place` (`id`,`name`,`country_id`) VALUES (144,'Suez',10);
INSERT INTO `place` (`id`,`name`,`country_id`) VALUES (145,'Damanhūr',10);
INSERT INTO `place` (`id`,`name`,`country_id`) VALUES (146,'Al Minyā',10);
INSERT INTO `place` (`id`,`name`,`country_id`) VALUES (147,'Banī Suwayf',10);
INSERT INTO `place` (`id`,`name`,`country_id`) VALUES (148,'Asyūţ',10);
INSERT INTO `place` (`id`,`name`,`country_id`) VALUES (149,'Ţanţā',10);
INSERT INTO `place` (`id`,`name`,`country_id`) VALUES (150,'Al Fayyūm',10);
INSERT INTO `place` (`id`,`name`,`country_id`) VALUES (151,'Manila',11);
INSERT INTO `place` (`id`,`name`,`country_id`) VALUES (152,'Quezon City',11);
INSERT INTO `place` (`id`,`name`,`country_id`) VALUES (153,'Davao',11);
INSERT INTO `place` (`id`,`name`,`country_id`) VALUES (154,'Cagayan de Oro',11);
INSERT INTO `place` (`id`,`name`,`country_id`) VALUES (155,'General Santos',11);
INSERT INTO `place` (`id`,`name`,`country_id`) VALUES (156,'Bacolod',11);
INSERT INTO `place` (`id`,`name`,`country_id`) VALUES (157,'Cebu City',11);
INSERT INTO `place` (`id`,`name`,`country_id`) VALUES (158,'Zamboanga City',11);
INSERT INTO `place` (`id`,`name`,`country_id`) VALUES (159,'Naga City',11);
INSERT INTO `place` (`id`,`name`,`country_id`) VALUES (160,'Iligan',11);
INSERT INTO `place` (`id`,`name`,`country_id`) VALUES (161,'Baguio City',11);
INSERT INTO `place` (`id`,`name`,`country_id`) VALUES (162,'Batangas',11);
INSERT INTO `place` (`id`,`name`,`country_id`) VALUES (163,'Pasay City',11);
INSERT INTO `place` (`id`,`name`,`country_id`) VALUES (164,'Iloilo',11);
INSERT INTO `place` (`id`,`name`,`country_id`) VALUES (165,'Legazpi City',11);
INSERT INTO `place` (`id`,`name`,`country_id`) VALUES (166,'Moscow',12);
INSERT INTO `place` (`id`,`name`,`country_id`) VALUES (167,'Saint Petersburg',12);
INSERT INTO `place` (`id`,`name`,`country_id`) VALUES (168,'Novosibirsk',12);
INSERT INTO `place` (`id`,`name`,`country_id`) VALUES (169,'Yekaterinburg',12);
INSERT INTO `place` (`id`,`name`,`country_id`) VALUES (170,'Nizhniy Novgorod',12);
INSERT INTO `place` (`id`,`name`,`country_id`) VALUES (171,'Samara',12);
INSERT INTO `place` (`id`,`name`,`country_id`) VALUES (172,'Omsk',12);
INSERT INTO `place` (`id`,`name`,`country_id`) VALUES (173,'Kazan’',12);
INSERT INTO `place` (`id`,`name`,`country_id`) VALUES (174,'Chelyabinsk',12);
INSERT INTO `place` (`id`,`name`,`country_id`) VALUES (175,'Rostov-na-Donu',12);
INSERT INTO `place` (`id`,`name`,`country_id`) VALUES (176,'Ufa',12);
INSERT INTO `place` (`id`,`name`,`country_id`) VALUES (177,'Perm’',12);
INSERT INTO `place` (`id`,`name`,`country_id`) VALUES (178,'Volgograd',12);
INSERT INTO `place` (`id`,`name`,`country_id`) VALUES (179,'Krasnoyarsk',12);
INSERT INTO `place` (`id`,`name`,`country_id`) VALUES (180,'Voronezh',12);
INSERT INTO `place` (`id`,`name`,`country_id`) VALUES (181,'Istanbul',13);
INSERT INTO `place` (`id`,`name`,`country_id`) VALUES (182,'Ankara',13);
INSERT INTO `place` (`id`,`name`,`country_id`) VALUES (183,'İzmir',13);
INSERT INTO `place` (`id`,`name`,`country_id`) VALUES (184,'Bursa',13);
INSERT INTO `place` (`id`,`name`,`country_id`) VALUES (185,'Adana',13);
INSERT INTO `place` (`id`,`name`,`country_id`) VALUES (186,'Gaziantep',13);
INSERT INTO `place` (`id`,`name`,`country_id`) VALUES (187,'Konya',13);
INSERT INTO `place` (`id`,`name`,`country_id`) VALUES (188,'Tarsus',13);
INSERT INTO `place` (`id`,`name`,`country_id`) VALUES (189,'Antalya',13);
INSERT INTO `place` (`id`,`name`,`country_id`) VALUES (190,'Trabzon',13);
INSERT INTO `place` (`id`,`name`,`country_id`) VALUES (191,'Diyarbakır',13);
INSERT INTO `place` (`id`,`name`,`country_id`) VALUES (192,'Samsun',13);
INSERT INTO `place` (`id`,`name`,`country_id`) VALUES (193,'Kayseri',13);
INSERT INTO `place` (`id`,`name`,`country_id`) VALUES (194,'Eskişehir',13);
INSERT INTO `place` (`id`,`name`,`country_id`) VALUES (195,'Kocaeli',13);
INSERT INTO `place` (`id`,`name`,`country_id`) VALUES (196,'Paris',14);
INSERT INTO `place` (`id`,`name`,`country_id`) VALUES (197,'Lyon',14);
INSERT INTO `place` (`id`,`name`,`country_id`) VALUES (198,'Marseille',14);
INSERT INTO `place` (`id`,`name`,`country_id`) VALUES (199,'Lille',14);
INSERT INTO `place` (`id`,`name`,`country_id`) VALUES (200,'Nice',14);
INSERT INTO `place` (`id`,`name`,`country_id`) VALUES (201,'Toulouse',14);
INSERT INTO `place` (`id`,`name`,`country_id`) VALUES (202,'Bordeaux',14);
INSERT INTO `place` (`id`,`name`,`country_id`) VALUES (203,'Rouen',14);
INSERT INTO `place` (`id`,`name`,`country_id`) VALUES (204,'Strasbourg',14);
INSERT INTO `place` (`id`,`name`,`country_id`) VALUES (205,'Nantes',14);
INSERT INTO `place` (`id`,`name`,`country_id`) VALUES (206,'Metz',14);
INSERT INTO `place` (`id`,`name`,`country_id`) VALUES (207,'Grenoble',14);
INSERT INTO `place` (`id`,`name`,`country_id`) VALUES (208,'Toulon',14);
INSERT INTO `place` (`id`,`name`,`country_id`) VALUES (209,'Montpellier',14);
INSERT INTO `place` (`id`,`name`,`country_id`) VALUES (210,'Nancy',14);
INSERT INTO `place` (`id`,`name`,`country_id`) VALUES (211,'Seoul',15);
INSERT INTO `place` (`id`,`name`,`country_id`) VALUES (212,'Busan',15);
INSERT INTO `place` (`id`,`name`,`country_id`) VALUES (213,'Pyongyang',15);
INSERT INTO `place` (`id`,`name`,`country_id`) VALUES (214,'Incheon',15);
INSERT INTO `place` (`id`,`name`,`country_id`) VALUES (215,'Daegu',15);
INSERT INTO `place` (`id`,`name`,`country_id`) VALUES (216,'Daejeon',15);
INSERT INTO `place` (`id`,`name`,`country_id`) VALUES (217,'Gwangju',15);
INSERT INTO `place` (`id`,`name`,`country_id`) VALUES (218,'Namp’o',15);
INSERT INTO `place` (`id`,`name`,`country_id`) VALUES (219,'Changwon',15);
INSERT INTO `place` (`id`,`name`,`country_id`) VALUES (220,'Suwon',15);
INSERT INTO `place` (`id`,`name`,`country_id`) VALUES (221,'Ulsan',15);
INSERT INTO `place` (`id`,`name`,`country_id`) VALUES (222,'Sŏngnam',15);
INSERT INTO `place` (`id`,`name`,`country_id`) VALUES (223,'Goyang',15);
INSERT INTO `place` (`id`,`name`,`country_id`) VALUES (224,'Bucheon',15);
INSERT INTO `place` (`id`,`name`,`country_id`) VALUES (225,'Cheongju',15);
INSERT INTO `place` (`id`,`name`,`country_id`) VALUES (226,'Lagos',16);
INSERT INTO `place` (`id`,`name`,`country_id`) VALUES (227,'Kano',16);
INSERT INTO `place` (`id`,`name`,`country_id`) VALUES (228,'Ibadan',16);
INSERT INTO `place` (`id`,`name`,`country_id`) VALUES (229,'Abuja',16);
INSERT INTO `place` (`id`,`name`,`country_id`) VALUES (230,'Kaduna',16);
INSERT INTO `place` (`id`,`name`,`country_id`) VALUES (231,'Benin City',16);
INSERT INTO `place` (`id`,`name`,`country_id`) VALUES (232,'Ikare',16);
INSERT INTO `place` (`id`,`name`,`country_id`) VALUES (233,'Port Harcourt',16);
INSERT INTO `place` (`id`,`name`,`country_id`) VALUES (234,'Ogbomoso',16);
INSERT INTO `place` (`id`,`name`,`country_id`) VALUES (235,'Aba',16);
INSERT INTO `place` (`id`,`name`,`country_id`) VALUES (236,'Maiduguri',16);
INSERT INTO `place` (`id`,`name`,`country_id`) VALUES (237,'Zaria',16);
INSERT INTO `place` (`id`,`name`,`country_id`) VALUES (238,'Warri',16);
INSERT INTO `place` (`id`,`name`,`country_id`) VALUES (239,'Jos',16);
INSERT INTO `place` (`id`,`name`,`country_id`) VALUES (240,'Ilorin',16);
INSERT INTO `place` (`id`,`name`,`country_id`) VALUES (241,'Jakarta',17);
INSERT INTO `place` (`id`,`name`,`country_id`) VALUES (242,'Surabaya',17);
INSERT INTO `place` (`id`,`name`,`country_id`) VALUES (243,'Bandung',17);
INSERT INTO `place` (`id`,`name`,`country_id`) VALUES (244,'Bekasi',17);
INSERT INTO `place` (`id`,`name`,`country_id`) VALUES (245,'Medan',17);
INSERT INTO `place` (`id`,`name`,`country_id`) VALUES (246,'Palembang',17);
INSERT INTO `place` (`id`,`name`,`country_id`) VALUES (247,'Semarang',17);
INSERT INTO `place` (`id`,`name`,`country_id`) VALUES (248,'Makassar',17);
INSERT INTO `place` (`id`,`name`,`country_id`) VALUES (249,'Cilacap',17);
INSERT INTO `place` (`id`,`name`,`country_id`) VALUES (250,'Bogor',17);
INSERT INTO `place` (`id`,`name`,`country_id`) VALUES (251,'Bandar Lampung',17);
INSERT INTO `place` (`id`,`name`,`country_id`) VALUES (252,'Padang',17);
INSERT INTO `place` (`id`,`name`,`country_id`) VALUES (253,'Malang',17);
INSERT INTO `place` (`id`,`name`,`country_id`) VALUES (254,'Pekanbaru',17);
INSERT INTO `place` (`id`,`name`,`country_id`) VALUES (255,'Denpasar',17);
INSERT INTO `place` (`id`,`name`,`country_id`) VALUES (256,'London',18);
INSERT INTO `place` (`id`,`name`,`country_id`) VALUES (257,'Birmingham',18);
INSERT INTO `place` (`id`,`name`,`country_id`) VALUES (258,'Manchester',18);
INSERT INTO `place` (`id`,`name`,`country_id`) VALUES (259,'Leeds',18);
INSERT INTO `place` (`id`,`name`,`country_id`) VALUES (260,'Sheffield',18);
INSERT INTO `place` (`id`,`name`,`country_id`) VALUES (261,'Glasgow',18);
INSERT INTO `place` (`id`,`name`,`country_id`) VALUES (262,'Newcastle upon Tyne',18);
INSERT INTO `place` (`id`,`name`,`country_id`) VALUES (263,'Caerdydd',18);
INSERT INTO `place` (`id`,`name`,`country_id`) VALUES (264,'Nottingham',18);
INSERT INTO `place` (`id`,`name`,`country_id`) VALUES (265,'Liverpool',18);
INSERT INTO `place` (`id`,`name`,`country_id`) VALUES (266,'Southend-on-Sea',18);
INSERT INTO `place` (`id`,`name`,`country_id`) VALUES (267,'Bristol',18);
INSERT INTO `place` (`id`,`name`,`country_id`) VALUES (268,'Edinburgh',18);
INSERT INTO `place` (`id`,`name`,`country_id`) VALUES (269,'Brighton',18);
INSERT INTO `place` (`id`,`name`,`country_id`) VALUES (270,'Bradford',18);
INSERT INTO `place` (`id`,`name`,`country_id`) VALUES (271,'Lima',19);
INSERT INTO `place` (`id`,`name`,`country_id`) VALUES (272,'Callao',19);
INSERT INTO `place` (`id`,`name`,`country_id`) VALUES (273,'Arequipa',19);
INSERT INTO `place` (`id`,`name`,`country_id`) VALUES (274,'Trujillo',19);
INSERT INTO `place` (`id`,`name`,`country_id`) VALUES (275,'Chiclayo',19);
INSERT INTO `place` (`id`,`name`,`country_id`) VALUES (276,'Iquitos',19);
INSERT INTO `place` (`id`,`name`,`country_id`) VALUES (277,'Huancayo',19);
INSERT INTO `place` (`id`,`name`,`country_id`) VALUES (278,'Piura',19);
INSERT INTO `place` (`id`,`name`,`country_id`) VALUES (279,'Cusco',19);
INSERT INTO `place` (`id`,`name`,`country_id`) VALUES (280,'Chimbote',19);
INSERT INTO `place` (`id`,`name`,`country_id`) VALUES (281,'Pucallpa',19);
INSERT INTO `place` (`id`,`name`,`country_id`) VALUES (282,'Tacna',19);
INSERT INTO `place` (`id`,`name`,`country_id`) VALUES (283,'Ica',19);
INSERT INTO `place` (`id`,`name`,`country_id`) VALUES (284,'Juliaca',19);
INSERT INTO `place` (`id`,`name`,`country_id`) VALUES (285,'Ayacucho',19);
INSERT INTO `place` (`id`,`name`,`country_id`) VALUES (286,'Tehran',20);
INSERT INTO `place` (`id`,`name`,`country_id`) VALUES (287,'Mashhad',20);
INSERT INTO `place` (`id`,`name`,`country_id`) VALUES (288,'Eşfahān',20);
INSERT INTO `place` (`id`,`name`,`country_id`) VALUES (289,'Karaj',20);
INSERT INTO `place` (`id`,`name`,`country_id`) VALUES (290,'Tabrīz',20);
INSERT INTO `place` (`id`,`name`,`country_id`) VALUES (291,'Shīrāz',20);
INSERT INTO `place` (`id`,`name`,`country_id`) VALUES (292,'Ahvāz',20);
INSERT INTO `place` (`id`,`name`,`country_id`) VALUES (293,'Qom',20);
INSERT INTO `place` (`id`,`name`,`country_id`) VALUES (294,'Kermānshāh',20);
INSERT INTO `place` (`id`,`name`,`country_id`) VALUES (295,'Zāhedān',20);
INSERT INTO `place` (`id`,`name`,`country_id`) VALUES (296,'Rasht',20);
INSERT INTO `place` (`id`,`name`,`country_id`) VALUES (297,'Kermān',20);
INSERT INTO `place` (`id`,`name`,`country_id`) VALUES (298,'Orūmīyeh',20);
INSERT INTO `place` (`id`,`name`,`country_id`) VALUES (299,'Hamadān',20);
INSERT INTO `place` (`id`,`name`,`country_id`) VALUES (300,'Arāk',20);
INSERT INTO `place` (`id`,`name`,`country_id`) VALUES (301,'Kinshasa',21);
INSERT INTO `place` (`id`,`name`,`country_id`) VALUES (302,'Lubumbashi',21);
INSERT INTO `place` (`id`,`name`,`country_id`) VALUES (303,'Mbuji-Mayi',21);
INSERT INTO `place` (`id`,`name`,`country_id`) VALUES (304,'Kananga',21);
INSERT INTO `place` (`id`,`name`,`country_id`) VALUES (305,'Kikwit',21);
INSERT INTO `place` (`id`,`name`,`country_id`) VALUES (306,'Kisangani',21);
INSERT INTO `place` (`id`,`name`,`country_id`) VALUES (307,'Bukavu',21);
INSERT INTO `place` (`id`,`name`,`country_id`) VALUES (308,'Likasi',21);
INSERT INTO `place` (`id`,`name`,`country_id`) VALUES (309,'Kolwezi',21);
INSERT INTO `place` (`id`,`name`,`country_id`) VALUES (310,'Beni',21);
INSERT INTO `place` (`id`,`name`,`country_id`) VALUES (311,'Butembo',21);
INSERT INTO `place` (`id`,`name`,`country_id`) VALUES (312,'Mbandaka',21);
INSERT INTO `place` (`id`,`name`,`country_id`) VALUES (313,'Tshikapa',21);
INSERT INTO `place` (`id`,`name`,`country_id`) VALUES (314,'Kindu',21);
INSERT INTO `place` (`id`,`name`,`country_id`) VALUES (315,'Matadi',21);
INSERT INTO `place` (`id`,`name`,`country_id`) VALUES (316,'Bogotá',22);
INSERT INTO `place` (`id`,`name`,`country_id`) VALUES (317,'Medellín',22);
INSERT INTO `place` (`id`,`name`,`country_id`) VALUES (318,'Cali',22);
INSERT INTO `place` (`id`,`name`,`country_id`) VALUES (319,'Barranquilla',22);
INSERT INTO `place` (`id`,`name`,`country_id`) VALUES (320,'Bucaramanga',22);
INSERT INTO `place` (`id`,`name`,`country_id`) VALUES (321,'Cartagena',22);
INSERT INTO `place` (`id`,`name`,`country_id`) VALUES (322,'Cúcuta',22);
INSERT INTO `place` (`id`,`name`,`country_id`) VALUES (323,'Soledad',22);
INSERT INTO `place` (`id`,`name`,`country_id`) VALUES (324,'Pereira',22);
INSERT INTO `place` (`id`,`name`,`country_id`) VALUES (325,'Bello',22);
INSERT INTO `place` (`id`,`name`,`country_id`) VALUES (326,'Santa Marta',22);
INSERT INTO `place` (`id`,`name`,`country_id`) VALUES (327,'Ibagué',22);
INSERT INTO `place` (`id`,`name`,`country_id`) VALUES (328,'Pasto',22);
INSERT INTO `place` (`id`,`name`,`country_id`) VALUES (329,'Manizales',22);
INSERT INTO `place` (`id`,`name`,`country_id`) VALUES (330,'Villavicencio',22);
INSERT INTO `place` (`id`,`name`,`country_id`) VALUES (331,'Hong Kong',23);
INSERT INTO `place` (`id`,`name`,`country_id`) VALUES (332,'Taipei',24);
INSERT INTO `place` (`id`,`name`,`country_id`) VALUES (333,'Kaohsiung',24);
INSERT INTO `place` (`id`,`name`,`country_id`) VALUES (334,'Taichung',24);
INSERT INTO `place` (`id`,`name`,`country_id`) VALUES (335,'Tainan',24);
INSERT INTO `place` (`id`,`name`,`country_id`) VALUES (336,'Zhongli',24);
INSERT INTO `place` (`id`,`name`,`country_id`) VALUES (337,'Hsinchu',24);
INSERT INTO `place` (`id`,`name`,`country_id`) VALUES (338,'Changhua',24);
INSERT INTO `place` (`id`,`name`,`country_id`) VALUES (339,'Pingtung',24);
INSERT INTO `place` (`id`,`name`,`country_id`) VALUES (340,'Taoyuan District',24);
INSERT INTO `place` (`id`,`name`,`country_id`) VALUES (341,'Keelung',24);
INSERT INTO `place` (`id`,`name`,`country_id`) VALUES (342,'Chiayi',24);
INSERT INTO `place` (`id`,`name`,`country_id`) VALUES (343,'Hualien',24);
INSERT INTO `place` (`id`,`name`,`country_id`) VALUES (344,'Pingzhen',24);
INSERT INTO `place` (`id`,`name`,`country_id`) VALUES (345,'Zhubei',24);
INSERT INTO `place` (`id`,`name`,`country_id`) VALUES (346,'Yangmei',24);
INSERT INTO `place` (`id`,`name`,`country_id`) VALUES (347,'Bangkok',25);
INSERT INTO `place` (`id`,`name`,`country_id`) VALUES (348,'Chiang Mai',25);
INSERT INTO `place` (`id`,`name`,`country_id`) VALUES (349,'Samut Prakan',25);
INSERT INTO `place` (`id`,`name`,`country_id`) VALUES (350,'Nakhon Ratchasima',25);
INSERT INTO `place` (`id`,`name`,`country_id`) VALUES (351,'Hat Yai',25);
INSERT INTO `place` (`id`,`name`,`country_id`) VALUES (352,'Ubon Ratchathani',25);
INSERT INTO `place` (`id`,`name`,`country_id`) VALUES (353,'Nonthaburi',25);
INSERT INTO `place` (`id`,`name`,`country_id`) VALUES (354,'Khon Kaen',25);
INSERT INTO `place` (`id`,`name`,`country_id`) VALUES (355,'Udon Thani',25);
INSERT INTO `place` (`id`,`name`,`country_id`) VALUES (356,'Nakhon Si Thammarat',25);
INSERT INTO `place` (`id`,`name`,`country_id`) VALUES (357,'Chon Buri',25);
INSERT INTO `place` (`id`,`name`,`country_id`) VALUES (358,'Lampang',25);
INSERT INTO `place` (`id`,`name`,`country_id`) VALUES (359,'Si Racha',25);
INSERT INTO `place` (`id`,`name`,`country_id`) VALUES (360,'Phitsanulok',25);
INSERT INTO `place` (`id`,`name`,`country_id`) VALUES (361,'Surat Thani',25);
INSERT INTO `place` (`id`,`name`,`country_id`) VALUES (362,'Santiago',26);
INSERT INTO `place` (`id`,`name`,`country_id`) VALUES (363,'Concepción',26);
INSERT INTO `place` (`id`,`name`,`country_id`) VALUES (364,'Valparaíso',26);
INSERT INTO `place` (`id`,`name`,`country_id`) VALUES (365,'Viña del Mar',26);
INSERT INTO `place` (`id`,`name`,`country_id`) VALUES (366,'Antofagasta',26);
INSERT INTO `place` (`id`,`name`,`country_id`) VALUES (367,'Talcahuano',26);
INSERT INTO `place` (`id`,`name`,`country_id`) VALUES (368,'Temuco',26);
INSERT INTO `place` (`id`,`name`,`country_id`) VALUES (369,'San Bernardo',26);
INSERT INTO `place` (`id`,`name`,`country_id`) VALUES (370,'Rancagua',26);
INSERT INTO `place` (`id`,`name`,`country_id`) VALUES (371,'Iquique',26);
INSERT INTO `place` (`id`,`name`,`country_id`) VALUES (372,'Talca',26);
INSERT INTO `place` (`id`,`name`,`country_id`) VALUES (373,'Arica',26);
INSERT INTO `place` (`id`,`name`,`country_id`) VALUES (374,'Puerto Montt',26);
INSERT INTO `place` (`id`,`name`,`country_id`) VALUES (375,'Coquimbo',26);
INSERT INTO `place` (`id`,`name`,`country_id`) VALUES (376,'Valdivia',26);
INSERT INTO `place` (`id`,`name`,`country_id`) VALUES (377,'Madrid',27);
INSERT INTO `place` (`id`,`name`,`country_id`) VALUES (378,'Barcelona',27);
INSERT INTO `place` (`id`,`name`,`country_id`) VALUES (379,'Sevilla',27);
INSERT INTO `place` (`id`,`name`,`country_id`) VALUES (380,'Bilbao',27);
INSERT INTO `place` (`id`,`name`,`country_id`) VALUES (381,'Valencia',27);
INSERT INTO `place` (`id`,`name`,`country_id`) VALUES (382,'Zaragoza',27);
INSERT INTO `place` (`id`,`name`,`country_id`) VALUES (383,'Málaga',27);
INSERT INTO `place` (`id`,`name`,`country_id`) VALUES (384,'Murcia',27);
INSERT INTO `place` (`id`,`name`,`country_id`) VALUES (385,'Granada',27);
INSERT INTO `place` (`id`,`name`,`country_id`) VALUES (386,'Vigo',27);
INSERT INTO `place` (`id`,`name`,`country_id`) VALUES (387,'Las Palmas de Gran Canaria',27);
INSERT INTO `place` (`id`,`name`,`country_id`) VALUES (388,'Palma',27);
INSERT INTO `place` (`id`,`name`,`country_id`) VALUES (389,'A Coruña',27);
INSERT INTO `place` (`id`,`name`,`country_id`) VALUES (390,'Donostia',27);
INSERT INTO `place` (`id`,`name`,`country_id`) VALUES (391,'Santa Cruz de Tenerife',27);
INSERT INTO `place` (`id`,`name`,`country_id`) VALUES (392,'Ho Chi Minh City',28);
INSERT INTO `place` (`id`,`name`,`country_id`) VALUES (393,'Hanoi',28);
INSERT INTO `place` (`id`,`name`,`country_id`) VALUES (394,'Haiphong',28);
INSERT INTO `place` (`id`,`name`,`country_id`) VALUES (395,'Cần Thơ',28);
INSERT INTO `place` (`id`,`name`,`country_id`) VALUES (396,'Quảng Hà',28);
INSERT INTO `place` (`id`,`name`,`country_id`) VALUES (397,'Huế',28);
INSERT INTO `place` (`id`,`name`,`country_id`) VALUES (398,'Quy Nhơn',28);
INSERT INTO `place` (`id`,`name`,`country_id`) VALUES (399,'Biên Hòa',28);
INSERT INTO `place` (`id`,`name`,`country_id`) VALUES (400,'Vinh',28);
INSERT INTO `place` (`id`,`name`,`country_id`) VALUES (401,'Thái Nguyên',28);
INSERT INTO `place` (`id`,`name`,`country_id`) VALUES (402,'Nha Trang',28);
INSERT INTO `place` (`id`,`name`,`country_id`) VALUES (403,'Cà Mau',28);
INSERT INTO `place` (`id`,`name`,`country_id`) VALUES (404,'Long Xuyên',28);
INSERT INTO `place` (`id`,`name`,`country_id`) VALUES (405,'Việt Trì',28);
INSERT INTO `place` (`id`,`name`,`country_id`) VALUES (406,'Buôn Ma Thuột',28);
INSERT INTO `place` (`id`,`name`,`country_id`) VALUES (407,'Toronto',29);
INSERT INTO `place` (`id`,`name`,`country_id`) VALUES (408,'Montréal',29);
INSERT INTO `place` (`id`,`name`,`country_id`) VALUES (409,'Vancouver',29);
INSERT INTO `place` (`id`,`name`,`country_id`) VALUES (410,'Ottawa',29);
INSERT INTO `place` (`id`,`name`,`country_id`) VALUES (411,'Calgary',29);
INSERT INTO `place` (`id`,`name`,`country_id`) VALUES (412,'Edmonton',29);
INSERT INTO `place` (`id`,`name`,`country_id`) VALUES (413,'Hamilton',29);
INSERT INTO `place` (`id`,`name`,`country_id`) VALUES (414,'Winnipeg',29);
INSERT INTO `place` (`id`,`name`,`country_id`) VALUES (415,'Québec',29);
INSERT INTO `place` (`id`,`name`,`country_id`) VALUES (416,'Oshawa',29);
INSERT INTO `place` (`id`,`name`,`country_id`) VALUES (417,'Kitchener',29);
INSERT INTO `place` (`id`,`name`,`country_id`) VALUES (418,'Halifax',29);
INSERT INTO `place` (`id`,`name`,`country_id`) VALUES (419,'London',29);
INSERT INTO `place` (`id`,`name`,`country_id`) VALUES (420,'Windsor',29);
INSERT INTO `place` (`id`,`name`,`country_id`) VALUES (421,'Victoria',29);
INSERT INTO `place` (`id`,`name`,`country_id`) VALUES (422,'Singapore',30);
INSERT INTO `place` (`id`,`name`,`country_id`) VALUES (423,'Luanda',31);
INSERT INTO `place` (`id`,`name`,`country_id`) VALUES (424,'Huambo',31);
INSERT INTO `place` (`id`,`name`,`country_id`) VALUES (425,'Lobito',31);
INSERT INTO `place` (`id`,`name`,`country_id`) VALUES (426,'Benguela',31);
INSERT INTO `place` (`id`,`name`,`country_id`) VALUES (427,'Namibe',31);
INSERT INTO `place` (`id`,`name`,`country_id`) VALUES (428,'Malanje',31);
INSERT INTO `place` (`id`,`name`,`country_id`) VALUES (429,'Lubango',31);
INSERT INTO `place` (`id`,`name`,`country_id`) VALUES (430,'Cuito',31);
INSERT INTO `place` (`id`,`name`,`country_id`) VALUES (431,'Cabinda',31);
INSERT INTO `place` (`id`,`name`,`country_id`) VALUES (432,'Mbanza Congo',31);
INSERT INTO `place` (`id`,`name`,`country_id`) VALUES (433,'Uíge',31);
INSERT INTO `place` (`id`,`name`,`country_id`) VALUES (434,'Saurimo',31);
INSERT INTO `place` (`id`,`name`,`country_id`) VALUES (435,'Sumbe',31);
INSERT INTO `place` (`id`,`name`,`country_id`) VALUES (436,'Caxito',31);
INSERT INTO `place` (`id`,`name`,`country_id`) VALUES (437,'Luena',31);
INSERT INTO `place` (`id`,`name`,`country_id`) VALUES (438,'Baghdad',32);
INSERT INTO `place` (`id`,`name`,`country_id`) VALUES (439,'Mosul',32);
INSERT INTO `place` (`id`,`name`,`country_id`) VALUES (440,'Dahūk',32);
INSERT INTO `place` (`id`,`name`,`country_id`) VALUES (441,'Erbil',32);
INSERT INTO `place` (`id`,`name`,`country_id`) VALUES (442,'Al Başrah',32);
INSERT INTO `place` (`id`,`name`,`country_id`) VALUES (443,'As Sulaymānīyah',32);
INSERT INTO `place` (`id`,`name`,`country_id`) VALUES (444,'An Najaf',32);
INSERT INTO `place` (`id`,`name`,`country_id`) VALUES (445,'Kirkuk',32);
INSERT INTO `place` (`id`,`name`,`country_id`) VALUES (446,'Al Ḩillah',32);
INSERT INTO `place` (`id`,`name`,`country_id`) VALUES (447,'Karbalā’',32);
INSERT INTO `place` (`id`,`name`,`country_id`) VALUES (448,'An Nāşirīyah',32);
INSERT INTO `place` (`id`,`name`,`country_id`) VALUES (449,'Ad Dīwānīyah',32);
INSERT INTO `place` (`id`,`name`,`country_id`) VALUES (450,'Al ‘Amārah',32);
INSERT INTO `place` (`id`,`name`,`country_id`) VALUES (451,'Al Kūt',32);
INSERT INTO `place` (`id`,`name`,`country_id`) VALUES (452,'Ba‘qūbah',32);
INSERT INTO `place` (`id`,`name`,`country_id`) VALUES (453,'Khartoum',33);
INSERT INTO `place` (`id`,`name`,`country_id`) VALUES (454,'Omdurman',33);
INSERT INTO `place` (`id`,`name`,`country_id`) VALUES (455,'Port Sudan',33);
INSERT INTO `place` (`id`,`name`,`country_id`) VALUES (456,'Kassala',33);
INSERT INTO `place` (`id`,`name`,`country_id`) VALUES (457,'El Obeid',33);
INSERT INTO `place` (`id`,`name`,`country_id`) VALUES (458,'Nyala',33);
INSERT INTO `place` (`id`,`name`,`country_id`) VALUES (459,'Kūstī',33);
INSERT INTO `place` (`id`,`name`,`country_id`) VALUES (460,'Wad Medani',33);
INSERT INTO `place` (`id`,`name`,`country_id`) VALUES (461,'El Fasher',33);
INSERT INTO `place` (`id`,`name`,`country_id`) VALUES (462,'Gedaref',33);
INSERT INTO `place` (`id`,`name`,`country_id`) VALUES (463,'Shendi',33);
INSERT INTO `place` (`id`,`name`,`country_id`) VALUES (464,'Ed Damazin',33);
INSERT INTO `place` (`id`,`name`,`country_id`) VALUES (465,'Kadugli',33);
INSERT INTO `place` (`id`,`name`,`country_id`) VALUES (466,'Madent Atbara',33);
INSERT INTO `place` (`id`,`name`,`country_id`) VALUES (467,'El Geneina',33);
INSERT INTO `place` (`id`,`name`,`country_id`) VALUES (468,'Sydney',34);
INSERT INTO `place` (`id`,`name`,`country_id`) VALUES (469,'Melbourne',34);
INSERT INTO `place` (`id`,`name`,`country_id`) VALUES (470,'Brisbane',34);
INSERT INTO `place` (`id`,`name`,`country_id`) VALUES (471,'Perth',34);
INSERT INTO `place` (`id`,`name`,`country_id`) VALUES (472,'Adelaide',34);
INSERT INTO `place` (`id`,`name`,`country_id`) VALUES (473,'Newcastle',34);
INSERT INTO `place` (`id`,`name`,`country_id`) VALUES (474,'Canberra',34);
INSERT INTO `place` (`id`,`name`,`country_id`) VALUES (475,'Gold Coast',34);
INSERT INTO `place` (`id`,`name`,`country_id`) VALUES (476,'Cranbourne',34);
INSERT INTO `place` (`id`,`name`,`country_id`) VALUES (477,'Wollongong',34);
INSERT INTO `place` (`id`,`name`,`country_id`) VALUES (478,'Geelong',34);
INSERT INTO `place` (`id`,`name`,`country_id`) VALUES (479,'Cairns',34);
INSERT INTO `place` (`id`,`name`,`country_id`) VALUES (480,'Townsville',34);
INSERT INTO `place` (`id`,`name`,`country_id`) VALUES (481,'Albury',34);
INSERT INTO `place` (`id`,`name`,`country_id`) VALUES (482,'Darwin',34);
INSERT INTO `place` (`id`,`name`,`country_id`) VALUES (483,'Riyadh',35);
INSERT INTO `place` (`id`,`name`,`country_id`) VALUES (484,'Jeddah',35);
INSERT INTO `place` (`id`,`name`,`country_id`) VALUES (485,'Ad Dammām',35);
INSERT INTO `place` (`id`,`name`,`country_id`) VALUES (486,'Mecca',35);
INSERT INTO `place` (`id`,`name`,`country_id`) VALUES (487,'Medina',35);
INSERT INTO `place` (`id`,`name`,`country_id`) VALUES (488,'Aţ Ţā’if',35);
INSERT INTO `place` (`id`,`name`,`country_id`) VALUES (489,'Al Hufūf',35);
INSERT INTO `place` (`id`,`name`,`country_id`) VALUES (490,'Al Ḩillah',35);
INSERT INTO `place` (`id`,`name`,`country_id`) VALUES (491,'Tabūk',35);
INSERT INTO `place` (`id`,`name`,`country_id`) VALUES (492,'Buraydah',35);
INSERT INTO `place` (`id`,`name`,`country_id`) VALUES (493,'Ḩā’il',35);
INSERT INTO `place` (`id`,`name`,`country_id`) VALUES (494,'Najrān',35);
INSERT INTO `place` (`id`,`name`,`country_id`) VALUES (495,'Al Qaţīf',35);
INSERT INTO `place` (`id`,`name`,`country_id`) VALUES (496,'Al Mubarraz',35);
INSERT INTO `place` (`id`,`name`,`country_id`) VALUES (497,'Al Kharj',35);
INSERT INTO `place` (`id`,`name`,`country_id`) VALUES (498,'Rangoon',36);
INSERT INTO `place` (`id`,`name`,`country_id`) VALUES (499,'Mandalay',36);
INSERT INTO `place` (`id`,`name`,`country_id`) VALUES (500,'Nay Pyi Taw',36);
INSERT INTO `place` (`id`,`name`,`country_id`) VALUES (501,'Mawlamyine',36);
INSERT INTO `place` (`id`,`name`,`country_id`) VALUES (502,'Bago',36);
INSERT INTO `place` (`id`,`name`,`country_id`) VALUES (503,'Myeik',36);
INSERT INTO `place` (`id`,`name`,`country_id`) VALUES (504,'Pathein',36);
INSERT INTO `place` (`id`,`name`,`country_id`) VALUES (505,'Monywa',36);
INSERT INTO `place` (`id`,`name`,`country_id`) VALUES (506,'Hinthada',36);
INSERT INTO `place` (`id`,`name`,`country_id`) VALUES (507,'Sittwe',36);
INSERT INTO `place` (`id`,`name`,`country_id`) VALUES (508,'Letpandan',36);
INSERT INTO `place` (`id`,`name`,`country_id`) VALUES (509,'Myingyan',36);
INSERT INTO `place` (`id`,`name`,`country_id`) VALUES (510,'Taunggyi',36);
INSERT INTO `place` (`id`,`name`,`country_id`) VALUES (511,'Mudon',36);
INSERT INTO `place` (`id`,`name`,`country_id`) VALUES (512,'Dawei',36);
INSERT INTO `place` (`id`,`name`,`country_id`) VALUES (513,'Abidjan',37);
INSERT INTO `place` (`id`,`name`,`country_id`) VALUES (514,'Yamoussoukro',37);
INSERT INTO `place` (`id`,`name`,`country_id`) VALUES (515,'Bouaké',37);
INSERT INTO `place` (`id`,`name`,`country_id`) VALUES (516,'Daloa',37);
INSERT INTO `place` (`id`,`name`,`country_id`) VALUES (517,'San-Pédro',37);
INSERT INTO `place` (`id`,`name`,`country_id`) VALUES (518,'Korhogo',37);
INSERT INTO `place` (`id`,`name`,`country_id`) VALUES (519,'Man',37);
INSERT INTO `place` (`id`,`name`,`country_id`) VALUES (520,'Divo',37);
INSERT INTO `place` (`id`,`name`,`country_id`) VALUES (521,'Gagnoa',37);
INSERT INTO `place` (`id`,`name`,`country_id`) VALUES (522,'Soubré',37);
INSERT INTO `place` (`id`,`name`,`country_id`) VALUES (523,'Abengourou',37);
INSERT INTO `place` (`id`,`name`,`country_id`) VALUES (524,'Dabou',37);
INSERT INTO `place` (`id`,`name`,`country_id`) VALUES (525,'Dimbokro',37);
INSERT INTO `place` (`id`,`name`,`country_id`) VALUES (526,'Bondoukou',37);
INSERT INTO `place` (`id`,`name`,`country_id`) VALUES (527,'Séguéla',37);
INSERT INTO `place` (`id`,`name`,`country_id`) VALUES (528,'Johannesburg',38);
INSERT INTO `place` (`id`,`name`,`country_id`) VALUES (529,'Cape Town',38);
INSERT INTO `place` (`id`,`name`,`country_id`) VALUES (530,'Benoni',38);
INSERT INTO `place` (`id`,`name`,`country_id`) VALUES (531,'Durban',38);
INSERT INTO `place` (`id`,`name`,`country_id`) VALUES (532,'Pretoria',38);
INSERT INTO `place` (`id`,`name`,`country_id`) VALUES (533,'Vereeniging',38);
INSERT INTO `place` (`id`,`name`,`country_id`) VALUES (534,'Port Elizabeth',38);
INSERT INTO `place` (`id`,`name`,`country_id`) VALUES (535,'Bloemfontein',38);
INSERT INTO `place` (`id`,`name`,`country_id`) VALUES (536,'Pietermaritzburg',38);
INSERT INTO `place` (`id`,`name`,`country_id`) VALUES (537,'Welkom',38);
INSERT INTO `place` (`id`,`name`,`country_id`) VALUES (538,'East London',38);
INSERT INTO `place` (`id`,`name`,`country_id`) VALUES (539,'Thohoyandou',38);
INSERT INTO `place` (`id`,`name`,`country_id`) VALUES (540,'Springs',38);
INSERT INTO `place` (`id`,`name`,`country_id`) VALUES (541,'Uitenhage',38);
INSERT INTO `place` (`id`,`name`,`country_id`) VALUES (542,'Polokwane',38);
INSERT INTO `place` (`id`,`name`,`country_id`) VALUES (543,'Berlin',39);
INSERT INTO `place` (`id`,`name`,`country_id`) VALUES (544,'Stuttgart',39);
INSERT INTO `place` (`id`,`name`,`country_id`) VALUES (545,'Frankfurt',39);
INSERT INTO `place` (`id`,`name`,`country_id`) VALUES (546,'Mannheim',39);
INSERT INTO `place` (`id`,`name`,`country_id`) VALUES (547,'Hamburg',39);
INSERT INTO `place` (`id`,`name`,`country_id`) VALUES (548,'Essen',39);
INSERT INTO `place` (`id`,`name`,`country_id`) VALUES (549,'Duisburg',39);
INSERT INTO `place` (`id`,`name`,`country_id`) VALUES (550,'Munich',39);
INSERT INTO `place` (`id`,`name`,`country_id`) VALUES (551,'Düsseldorf',39);
INSERT INTO `place` (`id`,`name`,`country_id`) VALUES (552,'Cologne',39);
INSERT INTO `place` (`id`,`name`,`country_id`) VALUES (553,'Wuppertal',39);
INSERT INTO `place` (`id`,`name`,`country_id`) VALUES (554,'Saarbrücken',39);
INSERT INTO `place` (`id`,`name`,`country_id`) VALUES (555,'Nuremberg',39);
INSERT INTO `place` (`id`,`name`,`country_id`) VALUES (556,'Bremen',39);
INSERT INTO `place` (`id`,`name`,`country_id`) VALUES (557,'Hannover',39);
INSERT INTO `place` (`id`,`name`,`country_id`) VALUES (558,'Algiers',40);
INSERT INTO `place` (`id`,`name`,`country_id`) VALUES (559,'Oran',40);
INSERT INTO `place` (`id`,`name`,`country_id`) VALUES (560,'Constantine',40);
INSERT INTO `place` (`id`,`name`,`country_id`) VALUES (561,'Blida',40);
INSERT INTO `place` (`id`,`name`,`country_id`) VALUES (562,'Annaba',40);
INSERT INTO `place` (`id`,`name`,`country_id`) VALUES (563,'Chlef',40);
INSERT INTO `place` (`id`,`name`,`country_id`) VALUES (564,'Bejaïa',40);
INSERT INTO `place` (`id`,`name`,`country_id`) VALUES (565,'Batna',40);
INSERT INTO `place` (`id`,`name`,`country_id`) VALUES (566,'Sétif',40);
INSERT INTO `place` (`id`,`name`,`country_id`) VALUES (567,'Tlemcen',40);
INSERT INTO `place` (`id`,`name`,`country_id`) VALUES (568,'Skikda',40);
INSERT INTO `place` (`id`,`name`,`country_id`) VALUES (569,'Sidi Bel Abbès',40);
INSERT INTO `place` (`id`,`name`,`country_id`) VALUES (570,'Biskra',40);
INSERT INTO `place` (`id`,`name`,`country_id`) VALUES (571,'Mostaganem',40);
INSERT INTO `place` (`id`,`name`,`country_id`) VALUES (572,'Tiaret',40);
INSERT INTO `place` (`id`,`name`,`country_id`) VALUES (573,'Rome',41);
INSERT INTO `place` (`id`,`name`,`country_id`) VALUES (574,'Milan',41);
INSERT INTO `place` (`id`,`name`,`country_id`) VALUES (575,'Naples',41);
INSERT INTO `place` (`id`,`name`,`country_id`) VALUES (576,'Turin',41);
INSERT INTO `place` (`id`,`name`,`country_id`) VALUES (577,'Florence',41);
INSERT INTO `place` (`id`,`name`,`country_id`) VALUES (578,'Salerno',41);
INSERT INTO `place` (`id`,`name`,`country_id`) VALUES (579,'Palermo',41);
INSERT INTO `place` (`id`,`name`,`country_id`) VALUES (580,'Catania',41);
INSERT INTO `place` (`id`,`name`,`country_id`) VALUES (581,'Genoa',41);
INSERT INTO `place` (`id`,`name`,`country_id`) VALUES (582,'Bari',41);
INSERT INTO `place` (`id`,`name`,`country_id`) VALUES (583,'Bologna',41);
INSERT INTO `place` (`id`,`name`,`country_id`) VALUES (584,'Verona',41);
INSERT INTO `place` (`id`,`name`,`country_id`) VALUES (585,'Pescara',41);
INSERT INTO `place` (`id`,`name`,`country_id`) VALUES (586,'Cagliari',41);
INSERT INTO `place` (`id`,`name`,`country_id`) VALUES (587,'Venice',41);
INSERT INTO `place` (`id`,`name`,`country_id`) VALUES (588,'Kabul',42);
INSERT INTO `place` (`id`,`name`,`country_id`) VALUES (589,'Kandahār',42);
INSERT INTO `place` (`id`,`name`,`country_id`) VALUES (590,'Jalālābād',42);
INSERT INTO `place` (`id`,`name`,`country_id`) VALUES (591,'Herāt',42);
INSERT INTO `place` (`id`,`name`,`country_id`) VALUES (592,'Mazār-e Sharīf',42);
INSERT INTO `place` (`id`,`name`,`country_id`) VALUES (593,'Kunduz',42);
INSERT INTO `place` (`id`,`name`,`country_id`) VALUES (594,'Baghlān',42);
INSERT INTO `place` (`id`,`name`,`country_id`) VALUES (595,'Lashkar Gāh',42);
INSERT INTO `place` (`id`,`name`,`country_id`) VALUES (596,'Maīmanah',42);
INSERT INTO `place` (`id`,`name`,`country_id`) VALUES (597,'Balkh',42);
INSERT INTO `place` (`id`,`name`,`country_id`) VALUES (598,'Ghaznī',42);
INSERT INTO `place` (`id`,`name`,`country_id`) VALUES (599,'Gardēz',42);
INSERT INTO `place` (`id`,`name`,`country_id`) VALUES (600,'Shibirghān',42);
INSERT INTO `place` (`id`,`name`,`country_id`) VALUES (601,'Farāh',42);
INSERT INTO `place` (`id`,`name`,`country_id`) VALUES (602,'Faīẕābād',42);
INSERT INTO `place` (`id`,`name`,`country_id`) VALUES (603,'Athens',43);
INSERT INTO `place` (`id`,`name`,`country_id`) VALUES (604,'Thessaloníki',43);
INSERT INTO `place` (`id`,`name`,`country_id`) VALUES (605,'Piraeus',43);
INSERT INTO `place` (`id`,`name`,`country_id`) VALUES (606,'Pátra',43);
INSERT INTO `place` (`id`,`name`,`country_id`) VALUES (607,'Irákleio',43);
INSERT INTO `place` (`id`,`name`,`country_id`) VALUES (608,'Lárisa',43);
INSERT INTO `place` (`id`,`name`,`country_id`) VALUES (609,'Vólos',43);
INSERT INTO `place` (`id`,`name`,`country_id`) VALUES (610,'Ioánnina',43);
INSERT INTO `place` (`id`,`name`,`country_id`) VALUES (611,'Chaniá',43);
INSERT INTO `place` (`id`,`name`,`country_id`) VALUES (612,'Ródos',43);
INSERT INTO `place` (`id`,`name`,`country_id`) VALUES (613,'Lamía',43);
INSERT INTO `place` (`id`,`name`,`country_id`) VALUES (614,'Komotiní',43);
INSERT INTO `place` (`id`,`name`,`country_id`) VALUES (615,'Kérkyra',43);
INSERT INTO `place` (`id`,`name`,`country_id`) VALUES (616,'Mytilíni',43);
INSERT INTO `place` (`id`,`name`,`country_id`) VALUES (617,'Trípoli',43);
INSERT INTO `place` (`id`,`name`,`country_id`) VALUES (618,'Casablanca',44);
INSERT INTO `place` (`id`,`name`,`country_id`) VALUES (619,'Rabat',44);
INSERT INTO `place` (`id`,`name`,`country_id`) VALUES (620,'Fès',44);
INSERT INTO `place` (`id`,`name`,`country_id`) VALUES (621,'Marrakech',44);
INSERT INTO `place` (`id`,`name`,`country_id`) VALUES (622,'Agadir',44);
INSERT INTO `place` (`id`,`name`,`country_id`) VALUES (623,'Tangier',44);
INSERT INTO `place` (`id`,`name`,`country_id`) VALUES (624,'Meknès',44);
INSERT INTO `place` (`id`,`name`,`country_id`) VALUES (625,'Kenitra',44);
INSERT INTO `place` (`id`,`name`,`country_id`) VALUES (626,'Oujda-Angad',44);
INSERT INTO `place` (`id`,`name`,`country_id`) VALUES (627,'Safi',44);
INSERT INTO `place` (`id`,`name`,`country_id`) VALUES (628,'Ksar El Kebir',44);
INSERT INTO `place` (`id`,`name`,`country_id`) VALUES (629,'Errachidia',44);
INSERT INTO `place` (`id`,`name`,`country_id`) VALUES (630,'Taza',44);
INSERT INTO `place` (`id`,`name`,`country_id`) VALUES (631,'El Jadid',44);
INSERT INTO `place` (`id`,`name`,`country_id`) VALUES (632,'Settat',44);
INSERT INTO `place` (`id`,`name`,`country_id`) VALUES (633,'Tel Aviv-Yafo',45);
INSERT INTO `place` (`id`,`name`,`country_id`) VALUES (634,'Jerusalem',45);
INSERT INTO `place` (`id`,`name`,`country_id`) VALUES (635,'Haifa',45);
INSERT INTO `place` (`id`,`name`,`country_id`) VALUES (636,'Beersheba',45);
INSERT INTO `place` (`id`,`name`,`country_id`) VALUES (637,'Nazareth',45);
INSERT INTO `place` (`id`,`name`,`country_id`) VALUES (638,'Ramla',45);
INSERT INTO `place` (`id`,`name`,`country_id`) VALUES (639,'Addis Ababa',46);
INSERT INTO `place` (`id`,`name`,`country_id`) VALUES (640,'Nazrēt',46);
INSERT INTO `place` (`id`,`name`,`country_id`) VALUES (641,'Dire Dawa',46);
INSERT INTO `place` (`id`,`name`,`country_id`) VALUES (642,'Bahir Dar',46);
INSERT INTO `place` (`id`,`name`,`country_id`) VALUES (643,'Desē',46);
INSERT INTO `place` (`id`,`name`,`country_id`) VALUES (644,'Harar',46);
INSERT INTO `place` (`id`,`name`,`country_id`) VALUES (645,'Gonder',46);
INSERT INTO `place` (`id`,`name`,`country_id`) VALUES (646,'Āwasa',46);
INSERT INTO `place` (`id`,`name`,`country_id`) VALUES (647,'Jīma',46);
INSERT INTO `place` (`id`,`name`,`country_id`) VALUES (648,'Giyon',46);
INSERT INTO `place` (`id`,`name`,`country_id`) VALUES (649,'Shashemenē',46);
INSERT INTO `place` (`id`,`name`,`country_id`) VALUES (650,'Ādīgrat',46);
INSERT INTO `place` (`id`,`name`,`country_id`) VALUES (651,'Mekele',46);
INSERT INTO `place` (`id`,`name`,`country_id`) VALUES (652,'Āsela',46);
INSERT INTO `place` (`id`,`name`,`country_id`) VALUES (653,'Nek’emtē',46);
INSERT INTO `place` (`id`,`name`,`country_id`) VALUES (654,'Nairobi',47);
INSERT INTO `place` (`id`,`name`,`country_id`) VALUES (655,'Mombasa',47);
INSERT INTO `place` (`id`,`name`,`country_id`) VALUES (656,'Kisumu',47);
INSERT INTO `place` (`id`,`name`,`country_id`) VALUES (657,'Nakuru',47);
INSERT INTO `place` (`id`,`name`,`country_id`) VALUES (658,'Eldoret',47);
INSERT INTO `place` (`id`,`name`,`country_id`) VALUES (659,'Kitale',47);
INSERT INTO `place` (`id`,`name`,`country_id`) VALUES (660,'Machakos',47);
INSERT INTO `place` (`id`,`name`,`country_id`) VALUES (661,'Thika',47);
INSERT INTO `place` (`id`,`name`,`country_id`) VALUES (662,'Kericho',47);
INSERT INTO `place` (`id`,`name`,`country_id`) VALUES (663,'Malindi',47);
INSERT INTO `place` (`id`,`name`,`country_id`) VALUES (664,'Kilifi',47);
INSERT INTO `place` (`id`,`name`,`country_id`) VALUES (665,'Garissa',47);
INSERT INTO `place` (`id`,`name`,`country_id`) VALUES (666,'Kakamega',47);
INSERT INTO `place` (`id`,`name`,`country_id`) VALUES (667,'Embu',47);
INSERT INTO `place` (`id`,`name`,`country_id`) VALUES (668,'Bungoma',47);
INSERT INTO `place` (`id`,`name`,`country_id`) VALUES (669,'Caracas',48);
INSERT INTO `place` (`id`,`name`,`country_id`) VALUES (670,'Maracaibo',48);
INSERT INTO `place` (`id`,`name`,`country_id`) VALUES (671,'Valencia',48);
INSERT INTO `place` (`id`,`name`,`country_id`) VALUES (672,'Barquisimeto',48);
INSERT INTO `place` (`id`,`name`,`country_id`) VALUES (673,'Maracay',48);
INSERT INTO `place` (`id`,`name`,`country_id`) VALUES (674,'Ciudad Guayana',48);
INSERT INTO `place` (`id`,`name`,`country_id`) VALUES (675,'Barcelona',48);
INSERT INTO `place` (`id`,`name`,`country_id`) VALUES (676,'Puerto La Cruz',48);
INSERT INTO `place` (`id`,`name`,`country_id`) VALUES (677,'Cabimas',48);
INSERT INTO `place` (`id`,`name`,`country_id`) VALUES (678,'San Cristóbal',48);
INSERT INTO `place` (`id`,`name`,`country_id`) VALUES (679,'Maturín',48);
INSERT INTO `place` (`id`,`name`,`country_id`) VALUES (680,'Mérida',48);
INSERT INTO `place` (`id`,`name`,`country_id`) VALUES (681,'Ciudad Bolívar',48);
INSERT INTO `place` (`id`,`name`,`country_id`) VALUES (682,'Cumaná',48);
INSERT INTO `place` (`id`,`name`,`country_id`) VALUES (683,'Maiquetía',48);
INSERT INTO `place` (`id`,`name`,`country_id`) VALUES (684,'Dar es Salaam',49);
INSERT INTO `place` (`id`,`name`,`country_id`) VALUES (685,'Dodoma',49);
INSERT INTO `place` (`id`,`name`,`country_id`) VALUES (686,'Moshi',49);
INSERT INTO `place` (`id`,`name`,`country_id`) VALUES (687,'Mwanza',49);
INSERT INTO `place` (`id`,`name`,`country_id`) VALUES (688,'Zanzibar',49);
INSERT INTO `place` (`id`,`name`,`country_id`) VALUES (689,'Arusha',49);
INSERT INTO `place` (`id`,`name`,`country_id`) VALUES (690,'Mbeya',49);
INSERT INTO `place` (`id`,`name`,`country_id`) VALUES (691,'Morogoro',49);
INSERT INTO `place` (`id`,`name`,`country_id`) VALUES (692,'Tanga',49);
INSERT INTO `place` (`id`,`name`,`country_id`) VALUES (693,'Kigoma',49);
INSERT INTO `place` (`id`,`name`,`country_id`) VALUES (694,'Tabora',49);
INSERT INTO `place` (`id`,`name`,`country_id`) VALUES (695,'Musoma',49);
INSERT INTO `place` (`id`,`name`,`country_id`) VALUES (696,'Tukuyu',49);
INSERT INTO `place` (`id`,`name`,`country_id`) VALUES (697,'Songea',49);
INSERT INTO `place` (`id`,`name`,`country_id`) VALUES (698,'Iringa',49);
INSERT INTO `place` (`id`,`name`,`country_id`) VALUES (699,'Lisbon',50);
INSERT INTO `place` (`id`,`name`,`country_id`) VALUES (700,'Porto',50);
INSERT INTO `place` (`id`,`name`,`country_id`) VALUES (701,'Braga',50);
INSERT INTO `place` (`id`,`name`,`country_id`) VALUES (702,'Funchal',50);
INSERT INTO `place` (`id`,`name`,`country_id`) VALUES (703,'Setúbal',50);
INSERT INTO `place` (`id`,`name`,`country_id`) VALUES (704,'Coimbra',50);
INSERT INTO `place` (`id`,`name`,`country_id`) VALUES (705,'Ponta Delgada',50);
INSERT INTO `place` (`id`,`name`,`country_id`) VALUES (706,'Portimão',50);
INSERT INTO `place` (`id`,`name`,`country_id`) VALUES (707,'Évora',50);
INSERT INTO `place` (`id`,`name`,`country_id`) VALUES (708,'Aveiro',50);
INSERT INTO `place` (`id`,`name`,`country_id`) VALUES (709,'Leiria',50);
INSERT INTO `place` (`id`,`name`,`country_id`) VALUES (710,'Faro',50);
INSERT INTO `place` (`id`,`name`,`country_id`) VALUES (711,'Beja',50);
INSERT INTO `place` (`id`,`name`,`country_id`) VALUES (712,'Bragança',50);
INSERT INTO `place` (`id`,`name`,`country_id`) VALUES (713,'Castelo Branco',50);
INSERT INTO `place` (`id`,`name`,`country_id`) VALUES (714,'Katowice',51);
INSERT INTO `place` (`id`,`name`,`country_id`) VALUES (715,'Warsaw',51);
INSERT INTO `place` (`id`,`name`,`country_id`) VALUES (716,'Łódź',51);
INSERT INTO `place` (`id`,`name`,`country_id`) VALUES (717,'Kraków',51);
INSERT INTO `place` (`id`,`name`,`country_id`) VALUES (718,'Gdańsk',51);
INSERT INTO `place` (`id`,`name`,`country_id`) VALUES (719,'Bytom',51);
INSERT INTO `place` (`id`,`name`,`country_id`) VALUES (720,'Wrocław',51);
INSERT INTO `place` (`id`,`name`,`country_id`) VALUES (721,'Poznań',51);
INSERT INTO `place` (`id`,`name`,`country_id`) VALUES (722,'Gliwice',51);
INSERT INTO `place` (`id`,`name`,`country_id`) VALUES (723,'Szczecin',51);
INSERT INTO `place` (`id`,`name`,`country_id`) VALUES (724,'Bydgoszcz',51);
INSERT INTO `place` (`id`,`name`,`country_id`) VALUES (725,'Lublin',51);
INSERT INTO `place` (`id`,`name`,`country_id`) VALUES (726,'Gdynia',51);
INSERT INTO `place` (`id`,`name`,`country_id`) VALUES (727,'Białystok',51);
INSERT INTO `place` (`id`,`name`,`country_id`) VALUES (728,'Rzeszów',51);
INSERT INTO `place` (`id`,`name`,`country_id`) VALUES (729,'Aleppo',52);
INSERT INTO `place` (`id`,`name`,`country_id`) VALUES (730,'Damascus',52);
INSERT INTO `place` (`id`,`name`,`country_id`) VALUES (731,'Homs',52);
INSERT INTO `place` (`id`,`name`,`country_id`) VALUES (732,'Latakia',52);
INSERT INTO `place` (`id`,`name`,`country_id`) VALUES (733,'Dūmā',52);
INSERT INTO `place` (`id`,`name`,`country_id`) VALUES (734,'Ḩamāh',52);
INSERT INTO `place` (`id`,`name`,`country_id`) VALUES (735,'Dayr az Zawr',52);
INSERT INTO `place` (`id`,`name`,`country_id`) VALUES (736,'Ar Raqqah',52);
INSERT INTO `place` (`id`,`name`,`country_id`) VALUES (737,'Ţarţūs',52);
INSERT INTO `place` (`id`,`name`,`country_id`) VALUES (738,'Dar‘ā',52);
INSERT INTO `place` (`id`,`name`,`country_id`) VALUES (739,'Idlib',52);
INSERT INTO `place` (`id`,`name`,`country_id`) VALUES (740,'Al Ḩasakah',52);
INSERT INTO `place` (`id`,`name`,`country_id`) VALUES (741,'Manbij',52);
INSERT INTO `place` (`id`,`name`,`country_id`) VALUES (742,'Al Qāmishlī',52);
INSERT INTO `place` (`id`,`name`,`country_id`) VALUES (743,'Ath Thawrah',52);
INSERT INTO `place` (`id`,`name`,`country_id`) VALUES (744,'Kyiv',53);
INSERT INTO `place` (`id`,`name`,`country_id`) VALUES (745,'Kharkiv',53);
INSERT INTO `place` (`id`,`name`,`country_id`) VALUES (746,'Dnipro',53);
INSERT INTO `place` (`id`,`name`,`country_id`) VALUES (747,'Odesa',53);
INSERT INTO `place` (`id`,`name`,`country_id`) VALUES (748,'Donets’k',53);
INSERT INTO `place` (`id`,`name`,`country_id`) VALUES (749,'L’viv',53);
INSERT INTO `place` (`id`,`name`,`country_id`) VALUES (750,'Zaporizhzhya',53);
INSERT INTO `place` (`id`,`name`,`country_id`) VALUES (751,'Kryvyy Rih',53);
INSERT INTO `place` (`id`,`name`,`country_id`) VALUES (752,'Mykolayiv',53);
INSERT INTO `place` (`id`,`name`,`country_id`) VALUES (753,'Mariupol’',53);
INSERT INTO `place` (`id`,`name`,`country_id`) VALUES (754,'Luhans’k',53);
INSERT INTO `place` (`id`,`name`,`country_id`) VALUES (755,'Khmel’nyts’kyy',53);
INSERT INTO `place` (`id`,`name`,`country_id`) VALUES (756,'Horlivka',53);
INSERT INTO `place` (`id`,`name`,`country_id`) VALUES (757,'Makiyivka',53);
INSERT INTO `place` (`id`,`name`,`country_id`) VALUES (758,'Vinnytsya',53);
INSERT INTO `place` (`id`,`name`,`country_id`) VALUES (759,'Dakar',54);
INSERT INTO `place` (`id`,`name`,`country_id`) VALUES (760,'Thiès',54);
INSERT INTO `place` (`id`,`name`,`country_id`) VALUES (761,'Kaolack',54);
INSERT INTO `place` (`id`,`name`,`country_id`) VALUES (762,'Ziguinchor',54);
INSERT INTO `place` (`id`,`name`,`country_id`) VALUES (763,'Diourbel',54);
INSERT INTO `place` (`id`,`name`,`country_id`) VALUES (764,'Tambacounda',54);
INSERT INTO `place` (`id`,`name`,`country_id`) VALUES (765,'Louga',54);
INSERT INTO `place` (`id`,`name`,`country_id`) VALUES (766,'Kolda',54);
INSERT INTO `place` (`id`,`name`,`country_id`) VALUES (767,'Fatick',54);
INSERT INTO `place` (`id`,`name`,`country_id`) VALUES (768,'Kédougou',54);
INSERT INTO `place` (`id`,`name`,`country_id`) VALUES (769,'Saint-Louis',54);
INSERT INTO `place` (`id`,`name`,`country_id`) VALUES (770,'Kaffrine',54);
INSERT INTO `place` (`id`,`name`,`country_id`) VALUES (771,'Sédhiou',54);
INSERT INTO `place` (`id`,`name`,`country_id`) VALUES (772,'Matam',54);
INSERT INTO `place` (`id`,`name`,`country_id`) VALUES (773,'Kobilo',54);
INSERT INTO `place` (`id`,`name`,`country_id`) VALUES (774,'Guayaquil',55);
INSERT INTO `place` (`id`,`name`,`country_id`) VALUES (775,'Quito',55);
INSERT INTO `place` (`id`,`name`,`country_id`) VALUES (776,'Cuenca',55);
INSERT INTO `place` (`id`,`name`,`country_id`) VALUES (777,'Ambato',55);
INSERT INTO `place` (`id`,`name`,`country_id`) VALUES (778,'Portoviejo',55);
INSERT INTO `place` (`id`,`name`,`country_id`) VALUES (779,'Machala',55);
INSERT INTO `place` (`id`,`name`,`country_id`) VALUES (780,'Manta',55);
INSERT INTO `place` (`id`,`name`,`country_id`) VALUES (781,'Sangolquí',55);
INSERT INTO `place` (`id`,`name`,`country_id`) VALUES (782,'Esmeraldas',55);
INSERT INTO `place` (`id`,`name`,`country_id`) VALUES (783,'Riobamba',55);
INSERT INTO `place` (`id`,`name`,`country_id`) VALUES (784,'Ibarra',55);
INSERT INTO `place` (`id`,`name`,`country_id`) VALUES (785,'Loja',55);
INSERT INTO `place` (`id`,`name`,`country_id`) VALUES (786,'Milagro',55);
INSERT INTO `place` (`id`,`name`,`country_id`) VALUES (787,'Latacunga',55);
INSERT INTO `place` (`id`,`name`,`country_id`) VALUES (788,'Tulcán',55);
INSERT INTO `place` (`id`,`name`,`country_id`) VALUES (789,'George Town',56);
INSERT INTO `place` (`id`,`name`,`country_id`) VALUES (790,'Kuala Lumpur',56);
INSERT INTO `place` (`id`,`name`,`country_id`) VALUES (791,'Klang',56);
INSERT INTO `place` (`id`,`name`,`country_id`) VALUES (792,'Johor Bahru',56);
INSERT INTO `place` (`id`,`name`,`country_id`) VALUES (793,'Butterworth',56);
INSERT INTO `place` (`id`,`name`,`country_id`) VALUES (794,'Melaka',56);
INSERT INTO `place` (`id`,`name`,`country_id`) VALUES (795,'Ipoh',56);
INSERT INTO `place` (`id`,`name`,`country_id`) VALUES (796,'Kuching',56);
INSERT INTO `place` (`id`,`name`,`country_id`) VALUES (797,'Kota Kinabalu',56);
INSERT INTO `place` (`id`,`name`,`country_id`) VALUES (798,'Kota Bharu',56);
INSERT INTO `place` (`id`,`name`,`country_id`) VALUES (799,'Shah Alam',56);
INSERT INTO `place` (`id`,`name`,`country_id`) VALUES (800,'Sandakan',56);
INSERT INTO `place` (`id`,`name`,`country_id`) VALUES (801,'Seremban',56);
INSERT INTO `place` (`id`,`name`,`country_id`) VALUES (802,'Kuantan',56);
INSERT INTO `place` (`id`,`name`,`country_id`) VALUES (803,'Sungai Petani',56);
INSERT INTO `place` (`id`,`name`,`country_id`) VALUES (804,'Tunis',57);
INSERT INTO `place` (`id`,`name`,`country_id`) VALUES (805,'Sfax',57);
INSERT INTO `place` (`id`,`name`,`country_id`) VALUES (806,'Sousse',57);
INSERT INTO `place` (`id`,`name`,`country_id`) VALUES (807,'Gabès',57);
INSERT INTO `place` (`id`,`name`,`country_id`) VALUES (808,'Zarzis',57);
INSERT INTO `place` (`id`,`name`,`country_id`) VALUES (809,'Kairouan',57);
INSERT INTO `place` (`id`,`name`,`country_id`) VALUES (810,'Bizerte',57);
INSERT INTO `place` (`id`,`name`,`country_id`) VALUES (811,'Gafsa',57);
INSERT INTO `place` (`id`,`name`,`country_id`) VALUES (812,'Nabeul',57);
INSERT INTO `place` (`id`,`name`,`country_id`) VALUES (813,'Ariana',57);
INSERT INTO `place` (`id`,`name`,`country_id`) VALUES (814,'Kasserine',57);
INSERT INTO `place` (`id`,`name`,`country_id`) VALUES (815,'Monastir',57);
INSERT INTO `place` (`id`,`name`,`country_id`) VALUES (816,'Tataouine',57);
INSERT INTO `place` (`id`,`name`,`country_id`) VALUES (817,'Medenine',57);
INSERT INTO `place` (`id`,`name`,`country_id`) VALUES (818,'Béja',57);
INSERT INTO `place` (`id`,`name`,`country_id`) VALUES (819,'Vienna',58);
INSERT INTO `place` (`id`,`name`,`country_id`) VALUES (820,'Linz',58);
INSERT INTO `place` (`id`,`name`,`country_id`) VALUES (821,'Graz',58);
INSERT INTO `place` (`id`,`name`,`country_id`) VALUES (822,'Salzburg',58);
INSERT INTO `place` (`id`,`name`,`country_id`) VALUES (823,'Innsbruck',58);
INSERT INTO `place` (`id`,`name`,`country_id`) VALUES (824,'Klagenfurt',58);
INSERT INTO `place` (`id`,`name`,`country_id`) VALUES (825,'Bregenz',58);
INSERT INTO `place` (`id`,`name`,`country_id`) VALUES (826,'Eisenstadt',58);
INSERT INTO `place` (`id`,`name`,`country_id`) VALUES (827,'Sankt Pölten',58);
INSERT INTO `place` (`id`,`name`,`country_id`) VALUES (828,'Wiener Neustadt',58);
INSERT INTO `place` (`id`,`name`,`country_id`) VALUES (829,'Tripoli',59);
INSERT INTO `place` (`id`,`name`,`country_id`) VALUES (830,'Benghazi',59);
INSERT INTO `place` (`id`,`name`,`country_id`) VALUES (831,'Mişrātah',59);
INSERT INTO `place` (`id`,`name`,`country_id`) VALUES (832,'Tobruk',59);
INSERT INTO `place` (`id`,`name`,`country_id`) VALUES (833,'Al Khums',59);
INSERT INTO `place` (`id`,`name`,`country_id`) VALUES (834,'Az Zāwīyah',59);
INSERT INTO `place` (`id`,`name`,`country_id`) VALUES (835,'Zuwārah',59);
INSERT INTO `place` (`id`,`name`,`country_id`) VALUES (836,'Al Marj',59);
INSERT INTO `place` (`id`,`name`,`country_id`) VALUES (837,'Gharyān',59);
INSERT INTO `place` (`id`,`name`,`country_id`) VALUES (838,'Ajdābiyā',59);
INSERT INTO `place` (`id`,`name`,`country_id`) VALUES (839,'Surt',59);
INSERT INTO `place` (`id`,`name`,`country_id`) VALUES (840,'Darnah',59);
INSERT INTO `place` (`id`,`name`,`country_id`) VALUES (841,'Sabhā',59);
INSERT INTO `place` (`id`,`name`,`country_id`) VALUES (842,'Nālūt',59);
INSERT INTO `place` (`id`,`name`,`country_id`) VALUES (843,'Murzuq',59);
INSERT INTO `place` (`id`,`name`,`country_id`) VALUES (844,'Tashkent',60);
INSERT INTO `place` (`id`,`name`,`country_id`) VALUES (845,'Farg‘ona',60);
INSERT INTO `place` (`id`,`name`,`country_id`) VALUES (846,'Namangan',60);
INSERT INTO `place` (`id`,`name`,`country_id`) VALUES (847,'Samarkand',60);
INSERT INTO `place` (`id`,`name`,`country_id`) VALUES (848,'Andijon',60);
INSERT INTO `place` (`id`,`name`,`country_id`) VALUES (849,'Shahrisabz',60);
INSERT INTO `place` (`id`,`name`,`country_id`) VALUES (850,'Qarshi',60);
INSERT INTO `place` (`id`,`name`,`country_id`) VALUES (851,'Qo‘qon',60);
INSERT INTO `place` (`id`,`name`,`country_id`) VALUES (852,'Bukhara',60);
INSERT INTO `place` (`id`,`name`,`country_id`) VALUES (853,'Kattaqo‘rg‘on',60);
INSERT INTO `place` (`id`,`name`,`country_id`) VALUES (854,'Jizzax',60);
INSERT INTO `place` (`id`,`name`,`country_id`) VALUES (855,'Nukus',60);
INSERT INTO `place` (`id`,`name`,`country_id`) VALUES (856,'Denov',60);
INSERT INTO `place` (`id`,`name`,`country_id`) VALUES (857,'Navoiy',60);
INSERT INTO `place` (`id`,`name`,`country_id`) VALUES (858,'Angren',60);
INSERT INTO `place` (`id`,`name`,`country_id`) VALUES (859,'Havana',61);
INSERT INTO `place` (`id`,`name`,`country_id`) VALUES (860,'Santiago de Cuba',61);
INSERT INTO `place` (`id`,`name`,`country_id`) VALUES (861,'Camagüey',61);
INSERT INTO `place` (`id`,`name`,`country_id`) VALUES (862,'Holguín',61);
INSERT INTO `place` (`id`,`name`,`country_id`) VALUES (863,'Guantánamo',61);
INSERT INTO `place` (`id`,`name`,`country_id`) VALUES (864,'Santa Clara',61);
INSERT INTO `place` (`id`,`name`,`country_id`) VALUES (865,'Las Tunas',61);
INSERT INTO `place` (`id`,`name`,`country_id`) VALUES (866,'Bayamo',61);
INSERT INTO `place` (`id`,`name`,`country_id`) VALUES (867,'Pinar del Río',61);
INSERT INTO `place` (`id`,`name`,`country_id`) VALUES (868,'Cienfuegos',61);
INSERT INTO `place` (`id`,`name`,`country_id`) VALUES (869,'Matanzas',61);
INSERT INTO `place` (`id`,`name`,`country_id`) VALUES (870,'Ciego de Ávila',61);
INSERT INTO `place` (`id`,`name`,`country_id`) VALUES (871,'Manzanillo',61);
INSERT INTO `place` (`id`,`name`,`country_id`) VALUES (872,'Sancti Spíritus',61);
INSERT INTO `place` (`id`,`name`,`country_id`) VALUES (873,'Palma Soriano',61);
INSERT INTO `place` (`id`,`name`,`country_id`) VALUES (874,'Santo Domingo',62);
INSERT INTO `place` (`id`,`name`,`country_id`) VALUES (875,'Santiago',62);
INSERT INTO `place` (`id`,`name`,`country_id`) VALUES (876,'San Pedro de Macorís',62);
INSERT INTO `place` (`id`,`name`,`country_id`) VALUES (877,'La Romana',62);
INSERT INTO `place` (`id`,`name`,`country_id`) VALUES (878,'La Vega',62);
INSERT INTO `place` (`id`,`name`,`country_id`) VALUES (879,'San Cristóbal',62);
INSERT INTO `place` (`id`,`name`,`country_id`) VALUES (880,'San Francisco de Macorís',62);
INSERT INTO `place` (`id`,`name`,`country_id`) VALUES (881,'Higüey',62);
INSERT INTO `place` (`id`,`name`,`country_id`) VALUES (882,'Puerto Plata',62);
INSERT INTO `place` (`id`,`name`,`country_id`) VALUES (883,'Barahona',62);
INSERT INTO `place` (`id`,`name`,`country_id`) VALUES (884,'San Juan',62);
INSERT INTO `place` (`id`,`name`,`country_id`) VALUES (885,'Azua',62);
INSERT INTO `place` (`id`,`name`,`country_id`) VALUES (886,'Mao',62);
INSERT INTO `place` (`id`,`name`,`country_id`) VALUES (887,'Santo Domingo Este',62);
INSERT INTO `place` (`id`,`name`,`country_id`) VALUES (888,'Bonao',62);
INSERT INTO `place` (`id`,`name`,`country_id`) VALUES (889,'Baku',63);
INSERT INTO `place` (`id`,`name`,`country_id`) VALUES (890,'Gəncə',63);
INSERT INTO `place` (`id`,`name`,`country_id`) VALUES (891,'Sumqayıt',63);
INSERT INTO `place` (`id`,`name`,`country_id`) VALUES (892,'Naxçıvan',63);
INSERT INTO `place` (`id`,`name`,`country_id`) VALUES (893,'Şirvan',63);
INSERT INTO `place` (`id`,`name`,`country_id`) VALUES (894,'Şəki',63);
INSERT INTO `place` (`id`,`name`,`country_id`) VALUES (895,'Lənkəran',63);
INSERT INTO `place` (`id`,`name`,`country_id`) VALUES (896,'Yevlax',63);
INSERT INTO `place` (`id`,`name`,`country_id`) VALUES (897,'Göyçay',63);
INSERT INTO `place` (`id`,`name`,`country_id`) VALUES (898,'Tovuz',63);
INSERT INTO `place` (`id`,`name`,`country_id`) VALUES (899,'Gədəbəy',63);
INSERT INTO `place` (`id`,`name`,`country_id`) VALUES (900,'Goranboy',63);
INSERT INTO `place` (`id`,`name`,`country_id`) VALUES (901,'Oğuz',63);
INSERT INTO `place` (`id`,`name`,`country_id`) VALUES (902,'Xırdalan',63);
INSERT INTO `place` (`id`,`name`,`country_id`) VALUES (903,'Masallı',63);
INSERT INTO `place` (`id`,`name`,`country_id`) VALUES (904,'Accra',64);
INSERT INTO `place` (`id`,`name`,`country_id`) VALUES (905,'Kumasi',64);
INSERT INTO `place` (`id`,`name`,`country_id`) VALUES (906,'Tamale',64);
INSERT INTO `place` (`id`,`name`,`country_id`) VALUES (907,'Sekondi',64);
INSERT INTO `place` (`id`,`name`,`country_id`) VALUES (908,'Tema',64);
INSERT INTO `place` (`id`,`name`,`country_id`) VALUES (909,'Obuase',64);
INSERT INTO `place` (`id`,`name`,`country_id`) VALUES (910,'Koforidua',64);
INSERT INTO `place` (`id`,`name`,`country_id`) VALUES (911,'Cape Coast',64);
INSERT INTO `place` (`id`,`name`,`country_id`) VALUES (912,'Ho',64);
INSERT INTO `place` (`id`,`name`,`country_id`) VALUES (913,'Bolgatanga',64);
INSERT INTO `place` (`id`,`name`,`country_id`) VALUES (914,'Wa',64);
INSERT INTO `place` (`id`,`name`,`country_id`) VALUES (915,'Sunyani',64);
INSERT INTO `place` (`id`,`name`,`country_id`) VALUES (916,'Techiman',64);
INSERT INTO `place` (`id`,`name`,`country_id`) VALUES (917,'Sefwi Wiawso',64);
INSERT INTO `place` (`id`,`name`,`country_id`) VALUES (918,'Goaso',64);
INSERT INTO `place` (`id`,`name`,`country_id`) VALUES (919,'Santa Cruz',65);
INSERT INTO `place` (`id`,`name`,`country_id`) VALUES (920,'La Paz',65);
INSERT INTO `place` (`id`,`name`,`country_id`) VALUES (921,'Sucre',65);
INSERT INTO `place` (`id`,`name`,`country_id`) VALUES (922,'Cochabamba',65);
INSERT INTO `place` (`id`,`name`,`country_id`) VALUES (923,'Oruro',65);
INSERT INTO `place` (`id`,`name`,`country_id`) VALUES (924,'Santa Ana de Yacuma',65);
INSERT INTO `place` (`id`,`name`,`country_id`) VALUES (925,'Quillacollo',65);
INSERT INTO `place` (`id`,`name`,`country_id`) VALUES (926,'Potosí',65);
INSERT INTO `place` (`id`,`name`,`country_id`) VALUES (927,'Tarija',65);
INSERT INTO `place` (`id`,`name`,`country_id`) VALUES (928,'Trinidad',65);
INSERT INTO `place` (`id`,`name`,`country_id`) VALUES (929,'Cobija',65);
INSERT INTO `place` (`id`,`name`,`country_id`) VALUES (930,'Santa Cruz de la Sierra',65);
INSERT INTO `place` (`id`,`name`,`country_id`) VALUES (931,'Montero',65);
INSERT INTO `place` (`id`,`name`,`country_id`) VALUES (932,'Riberalta',65);
INSERT INTO `place` (`id`,`name`,`country_id`) VALUES (933,'Villazón',65);
INSERT INTO `place` (`id`,`name`,`country_id`) VALUES (934,'Kuwait City',66);
INSERT INTO `place` (`id`,`name`,`country_id`) VALUES (935,'Al Jahrā’',66);
INSERT INTO `place` (`id`,`name`,`country_id`) VALUES (936,'Al Aḩmadī',66);
INSERT INTO `place` (`id`,`name`,`country_id`) VALUES (937,'Sanaa',67);
INSERT INTO `place` (`id`,`name`,`country_id`) VALUES (938,'Aden',67);
INSERT INTO `place` (`id`,`name`,`country_id`) VALUES (939,'Al Ḩudaydah',67);
INSERT INTO `place` (`id`,`name`,`country_id`) VALUES (940,'Ta‘izz',67);
INSERT INTO `place` (`id`,`name`,`country_id`) VALUES (941,'Al Mukallā',67);
INSERT INTO `place` (`id`,`name`,`country_id`) VALUES (942,'Ibb',67);
INSERT INTO `place` (`id`,`name`,`country_id`) VALUES (943,'Ḩajjah',67);
INSERT INTO `place` (`id`,`name`,`country_id`) VALUES (944,'Dhamār',67);
INSERT INTO `place` (`id`,`name`,`country_id`) VALUES (945,'Zabīd',67);
INSERT INTO `place` (`id`,`name`,`country_id`) VALUES (946,'Şa‘dah',67);
INSERT INTO `place` (`id`,`name`,`country_id`) VALUES (947,'Laḩij',67);
INSERT INTO `place` (`id`,`name`,`country_id`) VALUES (948,'Al Bayḑā’',67);
INSERT INTO `place` (`id`,`name`,`country_id`) VALUES (949,'‘Ataq',67);
INSERT INTO `place` (`id`,`name`,`country_id`) VALUES (950,'Al Ghayz̧ah',67);
INSERT INTO `place` (`id`,`name`,`country_id`) VALUES (951,'Ma’rib',67);
INSERT INTO `place` (`id`,`name`,`country_id`) VALUES (952,'Port-au-Prince',68);
INSERT INTO `place` (`id`,`name`,`country_id`) VALUES (953,'Cap-Haïtien',68);
INSERT INTO `place` (`id`,`name`,`country_id`) VALUES (954,'Les Cayes',68);
INSERT INTO `place` (`id`,`name`,`country_id`) VALUES (955,'Gonaïves',68);
INSERT INTO `place` (`id`,`name`,`country_id`) VALUES (956,'Port-de-Paix',68);
INSERT INTO `place` (`id`,`name`,`country_id`) VALUES (957,'Jacmel',68);
INSERT INTO `place` (`id`,`name`,`country_id`) VALUES (958,'Jérémie',68);
INSERT INTO `place` (`id`,`name`,`country_id`) VALUES (959,'Hinche',68);
INSERT INTO `place` (`id`,`name`,`country_id`) VALUES (960,'Fort Liberté',68);
INSERT INTO `place` (`id`,`name`,`country_id`) VALUES (961,'Miragoâne',68);
INSERT INTO `place` (`id`,`name`,`country_id`) VALUES (962,'Bucharest',69);
INSERT INTO `place` (`id`,`name`,`country_id`) VALUES (963,'Iaşi',69);
INSERT INTO `place` (`id`,`name`,`country_id`) VALUES (964,'Cluj-Napoca',69);
INSERT INTO `place` (`id`,`name`,`country_id`) VALUES (965,'Timişoara',69);
INSERT INTO `place` (`id`,`name`,`country_id`) VALUES (966,'Galaţi',69);
INSERT INTO `place` (`id`,`name`,`country_id`) VALUES (967,'Braşov',69);
INSERT INTO `place` (`id`,`name`,`country_id`) VALUES (968,'Craiova',69);
INSERT INTO `place` (`id`,`name`,`country_id`) VALUES (969,'Constanţa',69);
INSERT INTO `place` (`id`,`name`,`country_id`) VALUES (970,'Ploieşti',69);
INSERT INTO `place` (`id`,`name`,`country_id`) VALUES (971,'Oradea',69);
INSERT INTO `place` (`id`,`name`,`country_id`) VALUES (972,'Brăila',69);
INSERT INTO `place` (`id`,`name`,`country_id`) VALUES (973,'Bacău',69);
INSERT INTO `place` (`id`,`name`,`country_id`) VALUES (974,'Piteşti',69);
INSERT INTO `place` (`id`,`name`,`country_id`) VALUES (975,'Arad',69);
INSERT INTO `place` (`id`,`name`,`country_id`) VALUES (976,'Sibiu',69);
INSERT INTO `place` (`id`,`name`,`country_id`) VALUES (977,'Douala',70);
INSERT INTO `place` (`id`,`name`,`country_id`) VALUES (978,'Yaoundé',70);
INSERT INTO `place` (`id`,`name`,`country_id`) VALUES (979,'Bamenda',70);
INSERT INTO `place` (`id`,`name`,`country_id`) VALUES (980,'Garoua',70);
INSERT INTO `place` (`id`,`name`,`country_id`) VALUES (981,'Maroua',70);
INSERT INTO `place` (`id`,`name`,`country_id`) VALUES (982,'Bafoussam',70);
INSERT INTO `place` (`id`,`name`,`country_id`) VALUES (983,'Ngaoundéré',70);
INSERT INTO `place` (`id`,`name`,`country_id`) VALUES (984,'Bertoua',70);
INSERT INTO `place` (`id`,`name`,`country_id`) VALUES (985,'Limbe',70);
INSERT INTO `place` (`id`,`name`,`country_id`) VALUES (986,'Edéa',70);
INSERT INTO `place` (`id`,`name`,`country_id`) VALUES (987,'Kumba',70);
INSERT INTO `place` (`id`,`name`,`country_id`) VALUES (988,'Kumbo',70);
INSERT INTO `place` (`id`,`name`,`country_id`) VALUES (989,'Nkongsamba',70);
INSERT INTO `place` (`id`,`name`,`country_id`) VALUES (990,'Buea',70);
INSERT INTO `place` (`id`,`name`,`country_id`) VALUES (991,'Ébolowa',70);
INSERT INTO `place` (`id`,`name`,`country_id`) VALUES (992,'Asunción',71);
INSERT INTO `place` (`id`,`name`,`country_id`) VALUES (993,'San Lorenzo',71);
INSERT INTO `place` (`id`,`name`,`country_id`) VALUES (994,'Encarnación',71);
INSERT INTO `place` (`id`,`name`,`country_id`) VALUES (995,'Ciudad del Este',71);
INSERT INTO `place` (`id`,`name`,`country_id`) VALUES (996,'Pedro Juan Caballero',71);
INSERT INTO `place` (`id`,`name`,`country_id`) VALUES (997,'Coronel Oviedo',71);
INSERT INTO `place` (`id`,`name`,`country_id`) VALUES (998,'Concepción',71);
INSERT INTO `place` (`id`,`name`,`country_id`) VALUES (999,'Villarrica',71);
INSERT INTO `place` (`id`,`name`,`country_id`) VALUES (1000,'Pilar',71);
INSERT INTO `place` (`id`,`name`,`country_id`) VALUES (1001,'Caacupé',71);
INSERT INTO `place` (`id`,`name`,`country_id`) VALUES (1002,'Paraguarí',71);
INSERT INTO `place` (`id`,`name`,`country_id`) VALUES (1003,'Villa Hayes',71);
INSERT INTO `place` (`id`,`name`,`country_id`) VALUES (1004,'Filadelfia',71);
INSERT INTO `place` (`id`,`name`,`country_id`) VALUES (1005,'San Pedro de Ycuamandiyú',71);
INSERT INTO `place` (`id`,`name`,`country_id`) VALUES (1006,'San Juan Bautista',71);
INSERT INTO `place` (`id`,`name`,`country_id`) VALUES (1007,'Beirut',72);
INSERT INTO `place` (`id`,`name`,`country_id`) VALUES (1008,'Tripoli',72);
INSERT INTO `place` (`id`,`name`,`country_id`) VALUES (1009,'Sidon',72);
INSERT INTO `place` (`id`,`name`,`country_id`) VALUES (1010,'Nabatîyé',72);
INSERT INTO `place` (`id`,`name`,`country_id`) VALUES (1011,'Zahlé',72);
INSERT INTO `place` (`id`,`name`,`country_id`) VALUES (1012,'Baabda',72);
INSERT INTO `place` (`id`,`name`,`country_id`) VALUES (1013,'Baalbek',72);
INSERT INTO `place` (`id`,`name`,`country_id`) VALUES (1014,'Halba',72);
INSERT INTO `place` (`id`,`name`,`country_id`) VALUES (1015,'Minsk',73);
INSERT INTO `place` (`id`,`name`,`country_id`) VALUES (1016,'Homyel’',73);
INSERT INTO `place` (`id`,`name`,`country_id`) VALUES (1017,'Mahilyow',73);
INSERT INTO `place` (`id`,`name`,`country_id`) VALUES (1018,'Vitsyebsk',73);
INSERT INTO `place` (`id`,`name`,`country_id`) VALUES (1019,'Hrodna',73);
INSERT INTO `place` (`id`,`name`,`country_id`) VALUES (1020,'Brest',73);
INSERT INTO `place` (`id`,`name`,`country_id`) VALUES (1021,'Babruysk',73);
INSERT INTO `place` (`id`,`name`,`country_id`) VALUES (1022,'Baranavichy',73);
INSERT INTO `place` (`id`,`name`,`country_id`) VALUES (1023,'Horad Barysaw',73);
INSERT INTO `place` (`id`,`name`,`country_id`) VALUES (1024,'Orsha',73);
INSERT INTO `place` (`id`,`name`,`country_id`) VALUES (1025,'Pinsk',73);
INSERT INTO `place` (`id`,`name`,`country_id`) VALUES (1026,'Mazyr',73);
INSERT INTO `place` (`id`,`name`,`country_id`) VALUES (1027,'Maladzyechna',73);
INSERT INTO `place` (`id`,`name`,`country_id`) VALUES (1028,'Lida',73);
INSERT INTO `place` (`id`,`name`,`country_id`) VALUES (1029,'Polatsk',73);
INSERT INTO `place` (`id`,`name`,`country_id`) VALUES (1030,'Brussels',74);
INSERT INTO `place` (`id`,`name`,`country_id`) VALUES (1031,'Antwerp',74);
INSERT INTO `place` (`id`,`name`,`country_id`) VALUES (1032,'Liège',74);
INSERT INTO `place` (`id`,`name`,`country_id`) VALUES (1033,'Gent',74);
INSERT INTO `place` (`id`,`name`,`country_id`) VALUES (1034,'Charleroi',74);
INSERT INTO `place` (`id`,`name`,`country_id`) VALUES (1035,'Bruges',74);
INSERT INTO `place` (`id`,`name`,`country_id`) VALUES (1036,'Namur',74);
INSERT INTO `place` (`id`,`name`,`country_id`) VALUES (1037,'Mons',74);
INSERT INTO `place` (`id`,`name`,`country_id`) VALUES (1038,'Hasselt',74);
INSERT INTO `place` (`id`,`name`,`country_id`) VALUES (1039,'Arlon',74);
INSERT INTO `place` (`id`,`name`,`country_id`) VALUES (1040,'Antananarivo',75);
INSERT INTO `place` (`id`,`name`,`country_id`) VALUES (1041,'Antsirabe',75);
INSERT INTO `place` (`id`,`name`,`country_id`) VALUES (1042,'Toamasina',75);
INSERT INTO `place` (`id`,`name`,`country_id`) VALUES (1043,'Fianarantsoa',75);
INSERT INTO `place` (`id`,`name`,`country_id`) VALUES (1044,'Mahajanga',75);
INSERT INTO `place` (`id`,`name`,`country_id`) VALUES (1045,'Toliara',75);
INSERT INTO `place` (`id`,`name`,`country_id`) VALUES (1046,'Antsiran̈ana',75);
INSERT INTO `place` (`id`,`name`,`country_id`) VALUES (1047,'Antalaha',75);
INSERT INTO `place` (`id`,`name`,`country_id`) VALUES (1048,'Sambava',75);
INSERT INTO `place` (`id`,`name`,`country_id`) VALUES (1049,'Ambatondrazaka',75);
INSERT INTO `place` (`id`,`name`,`country_id`) VALUES (1050,'Maroantsetra',75);
INSERT INTO `place` (`id`,`name`,`country_id`) VALUES (1051,'Morondava',75);
INSERT INTO `place` (`id`,`name`,`country_id`) VALUES (1052,'Marovoay',75);
INSERT INTO `place` (`id`,`name`,`country_id`) VALUES (1053,'Ambanja',75);
INSERT INTO `place` (`id`,`name`,`country_id`) VALUES (1054,'Mananjary',75);
INSERT INTO `place` (`id`,`name`,`country_id`) VALUES (1055,'Budapest',76);
INSERT INTO `place` (`id`,`name`,`country_id`) VALUES (1056,'Miskolc',76);
INSERT INTO `place` (`id`,`name`,`country_id`) VALUES (1057,'Debrecen',76);
INSERT INTO `place` (`id`,`name`,`country_id`) VALUES (1058,'Szeged',76);
INSERT INTO `place` (`id`,`name`,`country_id`) VALUES (1059,'Pécs',76);
INSERT INTO `place` (`id`,`name`,`country_id`) VALUES (1060,'Nyíregyháza',76);
INSERT INTO `place` (`id`,`name`,`country_id`) VALUES (1061,'Székesfehérvár',76);
INSERT INTO `place` (`id`,`name`,`country_id`) VALUES (1062,'Győr',76);
INSERT INTO `place` (`id`,`name`,`country_id`) VALUES (1063,'Kecskemét',76);
INSERT INTO `place` (`id`,`name`,`country_id`) VALUES (1064,'Szombathely',76);
INSERT INTO `place` (`id`,`name`,`country_id`) VALUES (1065,'Szolnok',76);
INSERT INTO `place` (`id`,`name`,`country_id`) VALUES (1066,'Kaposvár',76);
INSERT INTO `place` (`id`,`name`,`country_id`) VALUES (1067,'Tatabánya',76);
INSERT INTO `place` (`id`,`name`,`country_id`) VALUES (1068,'Békéscsaba',76);
INSERT INTO `place` (`id`,`name`,`country_id`) VALUES (1069,'Veszprém',76);
INSERT INTO `place` (`id`,`name`,`country_id`) VALUES (1070,'Harare',77);
INSERT INTO `place` (`id`,`name`,`country_id`) VALUES (1071,'Bulawayo',77);
INSERT INTO `place` (`id`,`name`,`country_id`) VALUES (1072,'Chitungwiza',77);
INSERT INTO `place` (`id`,`name`,`country_id`) VALUES (1073,'Mutare',77);
INSERT INTO `place` (`id`,`name`,`country_id`) VALUES (1074,'Gweru',77);
INSERT INTO `place` (`id`,`name`,`country_id`) VALUES (1075,'Masvingo',77);
INSERT INTO `place` (`id`,`name`,`country_id`) VALUES (1076,'Chinhoyi',77);
INSERT INTO `place` (`id`,`name`,`country_id`) VALUES (1077,'Gwanda',77);
INSERT INTO `place` (`id`,`name`,`country_id`) VALUES (1078,'Bindura',77);
INSERT INTO `place` (`id`,`name`,`country_id`) VALUES (1079,'Marondera',77);
INSERT INTO `place` (`id`,`name`,`country_id`) VALUES (1080,'Lupane',77);
INSERT INTO `place` (`id`,`name`,`country_id`) VALUES (1081,'Kwekwe',77);
INSERT INTO `place` (`id`,`name`,`country_id`) VALUES (1082,'Kadoma',77);
INSERT INTO `place` (`id`,`name`,`country_id`) VALUES (1083,'Zvishavane',77);
INSERT INTO `place` (`id`,`name`,`country_id`) VALUES (1084,'Victoria Falls',77);
INSERT INTO `place` (`id`,`name`,`country_id`) VALUES (1085,'Montevideo',78);
INSERT INTO `place` (`id`,`name`,`country_id`) VALUES (1086,'Rivera',78);
INSERT INTO `place` (`id`,`name`,`country_id`) VALUES (1087,'Punta del Este',78);
INSERT INTO `place` (`id`,`name`,`country_id`) VALUES (1088,'Salto',78);
INSERT INTO `place` (`id`,`name`,`country_id`) VALUES (1089,'Paysandú',78);
INSERT INTO `place` (`id`,`name`,`country_id`) VALUES (1090,'Melo',78);
INSERT INTO `place` (`id`,`name`,`country_id`) VALUES (1091,'Maldonado',78);
INSERT INTO `place` (`id`,`name`,`country_id`) VALUES (1092,'Tacuarembó',78);
INSERT INTO `place` (`id`,`name`,`country_id`) VALUES (1093,'Mercedes',78);
INSERT INTO `place` (`id`,`name`,`country_id`) VALUES (1094,'Artigas',78);
INSERT INTO `place` (`id`,`name`,`country_id`) VALUES (1095,'Minas',78);
INSERT INTO `place` (`id`,`name`,`country_id`) VALUES (1096,'San José',78);
INSERT INTO `place` (`id`,`name`,`country_id`) VALUES (1097,'Durazno',78);
INSERT INTO `place` (`id`,`name`,`country_id`) VALUES (1098,'Florida',78);
INSERT INTO `place` (`id`,`name`,`country_id`) VALUES (1099,'Treinta y Tres',78);
INSERT INTO `place` (`id`,`name`,`country_id`) VALUES (1100,'Bamako',79);
INSERT INTO `place` (`id`,`name`,`country_id`) VALUES (1101,'Sikasso',79);
INSERT INTO `place` (`id`,`name`,`country_id`) VALUES (1102,'Ségou',79);
INSERT INTO `place` (`id`,`name`,`country_id`) VALUES (1103,'Gao',79);
INSERT INTO `place` (`id`,`name`,`country_id`) VALUES (1104,'Mopti',79);
INSERT INTO `place` (`id`,`name`,`country_id`) VALUES (1105,'Koutiala',79);
INSERT INTO `place` (`id`,`name`,`country_id`) VALUES (1106,'Kayes',79);
INSERT INTO `place` (`id`,`name`,`country_id`) VALUES (1107,'Timbuktu',79);
INSERT INTO `place` (`id`,`name`,`country_id`) VALUES (1108,'Koulikoro',79);
INSERT INTO `place` (`id`,`name`,`country_id`) VALUES (1109,'Kidal',79);
INSERT INTO `place` (`id`,`name`,`country_id`) VALUES (1110,'Kati',79);
INSERT INTO `place` (`id`,`name`,`country_id`) VALUES (1111,'Markala',79);
INSERT INTO `place` (`id`,`name`,`country_id`) VALUES (1112,'Kita',79);
INSERT INTO `place` (`id`,`name`,`country_id`) VALUES (1113,'San',79);
INSERT INTO `place` (`id`,`name`,`country_id`) VALUES (1114,'Bougouni',79);
INSERT INTO `place` (`id`,`name`,`country_id`) VALUES (1115,'Conakry',80);
INSERT INTO `place` (`id`,`name`,`country_id`) VALUES (1116,'Guéckédou',80);
INSERT INTO `place` (`id`,`name`,`country_id`) VALUES (1117,'N’Zérékoré',80);
INSERT INTO `place` (`id`,`name`,`country_id`) VALUES (1118,'Labé',80);
INSERT INTO `place` (`id`,`name`,`country_id`) VALUES (1119,'Kindia',80);
INSERT INTO `place` (`id`,`name`,`country_id`) VALUES (1120,'Boké',80);
INSERT INTO `place` (`id`,`name`,`country_id`) VALUES (1121,'Kankan',80);
INSERT INTO `place` (`id`,`name`,`country_id`) VALUES (1122,'Mamou',80);
INSERT INTO `place` (`id`,`name`,`country_id`) VALUES (1123,'Faranah',80);
INSERT INTO `place` (`id`,`name`,`country_id`) VALUES (1124,'Forécariah',80);
INSERT INTO `place` (`id`,`name`,`country_id`) VALUES (1125,'Kissidougou',80);
INSERT INTO `place` (`id`,`name`,`country_id`) VALUES (1126,'Siguiri',80);
INSERT INTO `place` (`id`,`name`,`country_id`) VALUES (1127,'Macenta',80);
INSERT INTO `place` (`id`,`name`,`country_id`) VALUES (1128,'Kamsar',80);
INSERT INTO `place` (`id`,`name`,`country_id`) VALUES (1129,'Télimélé',80);
INSERT INTO `place` (`id`,`name`,`country_id`) VALUES (1130,'Phnom Penh',81);
INSERT INTO `place` (`id`,`name`,`country_id`) VALUES (1131,'Battambang',81);
INSERT INTO `place` (`id`,`name`,`country_id`) VALUES (1132,'Siem Reap',81);
INSERT INTO `place` (`id`,`name`,`country_id`) VALUES (1133,'Kampong Cham',81);
INSERT INTO `place` (`id`,`name`,`country_id`) VALUES (1134,'Kampong Chhnang',81);
INSERT INTO `place` (`id`,`name`,`country_id`) VALUES (1135,'Prey Veng',81);
INSERT INTO `place` (`id`,`name`,`country_id`) VALUES (1136,'Pursat',81);
INSERT INTO `place` (`id`,`name`,`country_id`) VALUES (1137,'Sisophon',81);
INSERT INTO `place` (`id`,`name`,`country_id`) VALUES (1138,'Kampot',81);
INSERT INTO `place` (`id`,`name`,`country_id`) VALUES (1139,'Kampong Speu',81);
INSERT INTO `place` (`id`,`name`,`country_id`) VALUES (1140,'Koh Kong',81);
INSERT INTO `place` (`id`,`name`,`country_id`) VALUES (1141,'Stung Treng',81);
INSERT INTO `place` (`id`,`name`,`country_id`) VALUES (1142,'Tbeng Meanchey',81);
INSERT INTO `place` (`id`,`name`,`country_id`) VALUES (1143,'Svay Rieng',81);
INSERT INTO `place` (`id`,`name`,`country_id`) VALUES (1144,'Kratie',81);
INSERT INTO `place` (`id`,`name`,`country_id`) VALUES (1145,'Lomé',82);
INSERT INTO `place` (`id`,`name`,`country_id`) VALUES (1146,'Sokodé',82);
INSERT INTO `place` (`id`,`name`,`country_id`) VALUES (1147,'Kpalimé',82);
INSERT INTO `place` (`id`,`name`,`country_id`) VALUES (1148,'Atakpamé',82);
INSERT INTO `place` (`id`,`name`,`country_id`) VALUES (1149,'Dapaong',82);
INSERT INTO `place` (`id`,`name`,`country_id`) VALUES (1150,'Kara',82);
INSERT INTO `place` (`id`,`name`,`country_id`) VALUES (1151,'Bassar',82);
INSERT INTO `place` (`id`,`name`,`country_id`) VALUES (1152,'Sansanné-Mango',82);
INSERT INTO `place` (`id`,`name`,`country_id`) VALUES (1153,'Sotouboua',82);
INSERT INTO `place` (`id`,`name`,`country_id`) VALUES (1154,'Doha',83);
INSERT INTO `place` (`id`,`name`,`country_id`) VALUES (1155,'Al Wakrah',83);
INSERT INTO `place` (`id`,`name`,`country_id`) VALUES (1156,'Ar Rayyān',83);
INSERT INTO `place` (`id`,`name`,`country_id`) VALUES (1157,'Al Khawr',83);
INSERT INTO `place` (`id`,`name`,`country_id`) VALUES (1158,'Ash Shīḩānīyah',83);
INSERT INTO `place` (`id`,`name`,`country_id`) VALUES (1159,'Umm Şalāl ‘Alī',83);
INSERT INTO `place` (`id`,`name`,`country_id`) VALUES (1160,'Az̧ Z̧a‘āyin',83);
INSERT INTO `place` (`id`,`name`,`country_id`) VALUES (1161,'Madīnat ash Shamāl',83);
INSERT INTO `place` (`id`,`name`,`country_id`) VALUES (1162,'Maputo',84);
INSERT INTO `place` (`id`,`name`,`country_id`) VALUES (1163,'Matola',84);
INSERT INTO `place` (`id`,`name`,`country_id`) VALUES (1164,'Beira',84);
INSERT INTO `place` (`id`,`name`,`country_id`) VALUES (1165,'Nampula',84);
INSERT INTO `place` (`id`,`name`,`country_id`) VALUES (1166,'Chimoio',84);
INSERT INTO `place` (`id`,`name`,`country_id`) VALUES (1167,'Cidade de Nacala',84);
INSERT INTO `place` (`id`,`name`,`country_id`) VALUES (1168,'Quelimane',84);
INSERT INTO `place` (`id`,`name`,`country_id`) VALUES (1169,'Tete',84);
INSERT INTO `place` (`id`,`name`,`country_id`) VALUES (1170,'Xai-Xai',84);
INSERT INTO `place` (`id`,`name`,`country_id`) VALUES (1171,'Maxixe',84);
INSERT INTO `place` (`id`,`name`,`country_id`) VALUES (1172,'Inhambane',84);
INSERT INTO `place` (`id`,`name`,`country_id`) VALUES (1173,'Pemba',84);
INSERT INTO `place` (`id`,`name`,`country_id`) VALUES (1174,'Lichinga',84);
INSERT INTO `place` (`id`,`name`,`country_id`) VALUES (1175,'Dondo',84);
INSERT INTO `place` (`id`,`name`,`country_id`) VALUES (1176,'Cuamba',84);
INSERT INTO `place` (`id`,`name`,`country_id`) VALUES (1177,'San Salvador',85);
INSERT INTO `place` (`id`,`name`,`country_id`) VALUES (1178,'Santa Ana',85);
INSERT INTO `place` (`id`,`name`,`country_id`) VALUES (1179,'San Miguel',85);
INSERT INTO `place` (`id`,`name`,`country_id`) VALUES (1180,'Sonsonate',85);
INSERT INTO `place` (`id`,`name`,`country_id`) VALUES (1181,'Santa Tecla',85);
INSERT INTO `place` (`id`,`name`,`country_id`) VALUES (1182,'Usulután',85);
INSERT INTO `place` (`id`,`name`,`country_id`) VALUES (1183,'Cojutepeque',85);
INSERT INTO `place` (`id`,`name`,`country_id`) VALUES (1184,'Zacatecoluca',85);
INSERT INTO `place` (`id`,`name`,`country_id`) VALUES (1185,'San Vicente',85);
INSERT INTO `place` (`id`,`name`,`country_id`) VALUES (1186,'Ahuachapán',85);
INSERT INTO `place` (`id`,`name`,`country_id`) VALUES (1187,'Chalatenango',85);
INSERT INTO `place` (`id`,`name`,`country_id`) VALUES (1188,'Sensuntepeque',85);
INSERT INTO `place` (`id`,`name`,`country_id`) VALUES (1189,'La Unión',85);
INSERT INTO `place` (`id`,`name`,`country_id`) VALUES (1190,'San Francisco',85);
INSERT INTO `place` (`id`,`name`,`country_id`) VALUES (1191,'Kampala',86);
INSERT INTO `place` (`id`,`name`,`country_id`) VALUES (1192,'Mbale',86);
INSERT INTO `place` (`id`,`name`,`country_id`) VALUES (1193,'Jinja',86);
INSERT INTO `place` (`id`,`name`,`country_id`) VALUES (1194,'Arua',86);
INSERT INTO `place` (`id`,`name`,`country_id`) VALUES (1195,'Entebbe',86);
INSERT INTO `place` (`id`,`name`,`country_id`) VALUES (1196,'Tororo',86);
INSERT INTO `place` (`id`,`name`,`country_id`) VALUES (1197,'Gulu',86);
INSERT INTO `place` (`id`,`name`,`country_id`) VALUES (1198,'Lira',86);
INSERT INTO `place` (`id`,`name`,`country_id`) VALUES (1199,'Mbarara',86);
INSERT INTO `place` (`id`,`name`,`country_id`) VALUES (1200,'Kasese',86);
INSERT INTO `place` (`id`,`name`,`country_id`) VALUES (1201,'Masaka',86);
INSERT INTO `place` (`id`,`name`,`country_id`) VALUES (1202,'Kitgum',86);
INSERT INTO `place` (`id`,`name`,`country_id`) VALUES (1203,'Busia',86);
INSERT INTO `place` (`id`,`name`,`country_id`) VALUES (1204,'Iganga',86);
INSERT INTO `place` (`id`,`name`,`country_id`) VALUES (1205,'Kabale',86);
INSERT INTO `place` (`id`,`name`,`country_id`) VALUES (1206,'The Hague',87);
INSERT INTO `place` (`id`,`name`,`country_id`) VALUES (1207,'Amsterdam',87);
INSERT INTO `place` (`id`,`name`,`country_id`) VALUES (1208,'Rotterdam',87);
INSERT INTO `place` (`id`,`name`,`country_id`) VALUES (1209,'Utrecht',87);
INSERT INTO `place` (`id`,`name`,`country_id`) VALUES (1210,'Eindhoven',87);
INSERT INTO `place` (`id`,`name`,`country_id`) VALUES (1211,'Haarlem',87);
INSERT INTO `place` (`id`,`name`,`country_id`) VALUES (1212,'Groningen',87);
INSERT INTO `place` (`id`,`name`,`country_id`) VALUES (1213,'Arnhem',87);
INSERT INTO `place` (`id`,`name`,`country_id`) VALUES (1214,'’s-Hertogenbosch',87);
INSERT INTO `place` (`id`,`name`,`country_id`) VALUES (1215,'Leeuwarden',87);
INSERT INTO `place` (`id`,`name`,`country_id`) VALUES (1216,'Maastricht',87);
INSERT INTO `place` (`id`,`name`,`country_id`) VALUES (1217,'Zwolle',87);
INSERT INTO `place` (`id`,`name`,`country_id`) VALUES (1218,'Assen',87);
INSERT INTO `place` (`id`,`name`,`country_id`) VALUES (1219,'Middelburg',87);
INSERT INTO `place` (`id`,`name`,`country_id`) VALUES (1220,'Lelystad',87);
INSERT INTO `place` (`id`,`name`,`country_id`) VALUES (1221,'Dubai',88);
INSERT INTO `place` (`id`,`name`,`country_id`) VALUES (1222,'Sharjah',88);
INSERT INTO `place` (`id`,`name`,`country_id`) VALUES (1223,'Abu Dhabi',88);
INSERT INTO `place` (`id`,`name`,`country_id`) VALUES (1224,'Al ‘Ayn',88);
INSERT INTO `place` (`id`,`name`,`country_id`) VALUES (1225,'Ra’s al Khaymah',88);
INSERT INTO `place` (`id`,`name`,`country_id`) VALUES (1226,'Al Fujayrah',88);
INSERT INTO `place` (`id`,`name`,`country_id`) VALUES (1227,'Umm al Qaywayn',88);
INSERT INTO `place` (`id`,`name`,`country_id`) VALUES (1228,'‘Ajmān',88);
INSERT INTO `place` (`id`,`name`,`country_id`) VALUES (1229,'Auckland',89);
INSERT INTO `place` (`id`,`name`,`country_id`) VALUES (1230,'Wellington',89);
INSERT INTO `place` (`id`,`name`,`country_id`) VALUES (1231,'Manukau City',89);
INSERT INTO `place` (`id`,`name`,`country_id`) VALUES (1232,'Christchurch',89);
INSERT INTO `place` (`id`,`name`,`country_id`) VALUES (1233,'Waitakere',89);
INSERT INTO `place` (`id`,`name`,`country_id`) VALUES (1234,'Northcote',89);
INSERT INTO `place` (`id`,`name`,`country_id`) VALUES (1235,'Hamilton',89);
INSERT INTO `place` (`id`,`name`,`country_id`) VALUES (1236,'Tauranga',89);
INSERT INTO `place` (`id`,`name`,`country_id`) VALUES (1237,'Dunedin',89);
INSERT INTO `place` (`id`,`name`,`country_id`) VALUES (1238,'Lower Hutt',89);
INSERT INTO `place` (`id`,`name`,`country_id`) VALUES (1239,'Palmerston North',89);
INSERT INTO `place` (`id`,`name`,`country_id`) VALUES (1240,'Nelson',89);
INSERT INTO `place` (`id`,`name`,`country_id`) VALUES (1241,'Napier',89);
INSERT INTO `place` (`id`,`name`,`country_id`) VALUES (1242,'Whangarei',89);
INSERT INTO `place` (`id`,`name`,`country_id`) VALUES (1243,'Invercargill',89);
INSERT INTO `place` (`id`,`name`,`country_id`) VALUES (1244,'Brazzaville',90);
INSERT INTO `place` (`id`,`name`,`country_id`) VALUES (1245,'Pointe-Noire',90);
INSERT INTO `place` (`id`,`name`,`country_id`) VALUES (1246,'Dolisie',90);
INSERT INTO `place` (`id`,`name`,`country_id`) VALUES (1247,'Owando',90);
INSERT INTO `place` (`id`,`name`,`country_id`) VALUES (1248,'Ouésso',90);
INSERT INTO `place` (`id`,`name`,`country_id`) VALUES (1249,'Sibiti',90);
INSERT INTO `place` (`id`,`name`,`country_id`) VALUES (1250,'Madingou',90);
INSERT INTO `place` (`id`,`name`,`country_id`) VALUES (1251,'Impfondo',90);
INSERT INTO `place` (`id`,`name`,`country_id`) VALUES (1252,'Kinkala',90);
INSERT INTO `place` (`id`,`name`,`country_id`) VALUES (1253,'Ewo',90);
INSERT INTO `place` (`id`,`name`,`country_id`) VALUES (1254,'Djambala',90);
INSERT INTO `place` (`id`,`name`,`country_id`) VALUES (1255,'Loango',90);
INSERT INTO `place` (`id`,`name`,`country_id`) VALUES (1256,'Kayes',90);
INSERT INTO `place` (`id`,`name`,`country_id`) VALUES (1257,'Mossendjo',90);
INSERT INTO `place` (`id`,`name`,`country_id`) VALUES (1258,'Gamboma',90);
INSERT INTO `place` (`id`,`name`,`country_id`) VALUES (1259,'Lusaka',91);
INSERT INTO `place` (`id`,`name`,`country_id`) VALUES (1260,'Kitwe',91);
INSERT INTO `place` (`id`,`name`,`country_id`) VALUES (1261,'Ndola',91);
INSERT INTO `place` (`id`,`name`,`country_id`) VALUES (1262,'Kasama',91);
INSERT INTO `place` (`id`,`name`,`country_id`) VALUES (1263,'Kabwe',91);
INSERT INTO `place` (`id`,`name`,`country_id`) VALUES (1264,'Chingola',91);
INSERT INTO `place` (`id`,`name`,`country_id`) VALUES (1265,'Livingstone',91);
INSERT INTO `place` (`id`,`name`,`country_id`) VALUES (1266,'Mufulira',91);
INSERT INTO `place` (`id`,`name`,`country_id`) VALUES (1267,'Luanshya',91);
INSERT INTO `place` (`id`,`name`,`country_id`) VALUES (1268,'Chipata',91);
INSERT INTO `place` (`id`,`name`,`country_id`) VALUES (1269,'Solwezi',91);
INSERT INTO `place` (`id`,`name`,`country_id`) VALUES (1270,'Mongu',91);
INSERT INTO `place` (`id`,`name`,`country_id`) VALUES (1271,'Choma',91);
INSERT INTO `place` (`id`,`name`,`country_id`) VALUES (1272,'Mansa',91);
INSERT INTO `place` (`id`,`name`,`country_id`) VALUES (1273,'Chinsali',91);
INSERT INTO `place` (`id`,`name`,`country_id`) VALUES (1274,'San José',92);
INSERT INTO `place` (`id`,`name`,`country_id`) VALUES (1275,'Alajuela',92);
INSERT INTO `place` (`id`,`name`,`country_id`) VALUES (1276,'Cartago',92);
INSERT INTO `place` (`id`,`name`,`country_id`) VALUES (1277,'Puerto Limón',92);
INSERT INTO `place` (`id`,`name`,`country_id`) VALUES (1278,'Puntarenas',92);
INSERT INTO `place` (`id`,`name`,`country_id`) VALUES (1279,'Liberia',92);
INSERT INTO `place` (`id`,`name`,`country_id`) VALUES (1280,'Heredia',92);
INSERT INTO `place` (`id`,`name`,`country_id`) VALUES (1281,'Quesada',92);
INSERT INTO `place` (`id`,`name`,`country_id`) VALUES (1282,'Cañas',92);
INSERT INTO `place` (`id`,`name`,`country_id`) VALUES (1283,'Golfito',92);
INSERT INTO `place` (`id`,`name`,`country_id`) VALUES (1284,'La Cruz',92);
INSERT INTO `place` (`id`,`name`,`country_id`) VALUES (1285,'Ciudad Cortés',92);
INSERT INTO `place` (`id`,`name`,`country_id`) VALUES (1286,'Sixaola',92);
INSERT INTO `place` (`id`,`name`,`country_id`) VALUES (1287,'Panama City',93);
INSERT INTO `place` (`id`,`name`,`country_id`) VALUES (1288,'Colón',93);
INSERT INTO `place` (`id`,`name`,`country_id`) VALUES (1289,'David',93);
INSERT INTO `place` (`id`,`name`,`country_id`) VALUES (1290,'Santiago',93);
INSERT INTO `place` (`id`,`name`,`country_id`) VALUES (1291,'Chitré',93);
INSERT INTO `place` (`id`,`name`,`country_id`) VALUES (1292,'Penonomé',93);
INSERT INTO `place` (`id`,`name`,`country_id`) VALUES (1293,'Las Tablas',93);
INSERT INTO `place` (`id`,`name`,`country_id`) VALUES (1294,'Bocas del Toro',93);
INSERT INTO `place` (`id`,`name`,`country_id`) VALUES (1295,'La Palma',93);
INSERT INTO `place` (`id`,`name`,`country_id`) VALUES (1296,'Gaigirgordub',93);
INSERT INTO `place` (`id`,`name`,`country_id`) VALUES (1297,'La Chorrera',93);
INSERT INTO `place` (`id`,`name`,`country_id`) VALUES (1298,'Buabidi',93);
INSERT INTO `place` (`id`,`name`,`country_id`) VALUES (1299,'Unión Chocó',93);
INSERT INTO `place` (`id`,`name`,`country_id`) VALUES (1300,'Balboa',93);
INSERT INTO `place` (`id`,`name`,`country_id`) VALUES (1301,'Puerto Armuelles',93);
INSERT INTO `place` (`id`,`name`,`country_id`) VALUES (1302,'Stockholm',94);
INSERT INTO `place` (`id`,`name`,`country_id`) VALUES (1303,'Göteborg',94);
INSERT INTO `place` (`id`,`name`,`country_id`) VALUES (1304,'Malmö',94);
INSERT INTO `place` (`id`,`name`,`country_id`) VALUES (1305,'Uppsala',94);
INSERT INTO `place` (`id`,`name`,`country_id`) VALUES (1306,'Västerås',94);
INSERT INTO `place` (`id`,`name`,`country_id`) VALUES (1307,'Örebro',94);
INSERT INTO `place` (`id`,`name`,`country_id`) VALUES (1308,'Linköping',94);
INSERT INTO `place` (`id`,`name`,`country_id`) VALUES (1309,'Helsingborg',94);
INSERT INTO `place` (`id`,`name`,`country_id`) VALUES (1310,'Jönköping',94);
INSERT INTO `place` (`id`,`name`,`country_id`) VALUES (1311,'Umeå',94);
INSERT INTO `place` (`id`,`name`,`country_id`) VALUES (1312,'Karlstad',94);
INSERT INTO `place` (`id`,`name`,`country_id`) VALUES (1313,'Gävle',94);
INSERT INTO `place` (`id`,`name`,`country_id`) VALUES (1314,'Växjö',94);
INSERT INTO `place` (`id`,`name`,`country_id`) VALUES (1315,'Halmstad',94);
INSERT INTO `place` (`id`,`name`,`country_id`) VALUES (1316,'Luleå',94);
INSERT INTO `place` (`id`,`name`,`country_id`) VALUES (1317,'Geneva',95);
INSERT INTO `place` (`id`,`name`,`country_id`) VALUES (1318,'Zürich',95);
INSERT INTO `place` (`id`,`name`,`country_id`) VALUES (1319,'Bern',95);
INSERT INTO `place` (`id`,`name`,`country_id`) VALUES (1320,'Basel',95);
INSERT INTO `place` (`id`,`name`,`country_id`) VALUES (1321,'Lausanne',95);
INSERT INTO `place` (`id`,`name`,`country_id`) VALUES (1322,'Lucerne',95);
INSERT INTO `place` (`id`,`name`,`country_id`) VALUES (1323,'Lugano',95);
INSERT INTO `place` (`id`,`name`,`country_id`) VALUES (1324,'Biel/Bienne',95);
INSERT INTO `place` (`id`,`name`,`country_id`) VALUES (1325,'Sankt Gallen',95);
INSERT INTO `place` (`id`,`name`,`country_id`) VALUES (1326,'Chur',95);
INSERT INTO `place` (`id`,`name`,`country_id`) VALUES (1327,'Fribourg',95);
INSERT INTO `place` (`id`,`name`,`country_id`) VALUES (1328,'Neuchâtel',95);
INSERT INTO `place` (`id`,`name`,`country_id`) VALUES (1329,'Zug',95);
INSERT INTO `place` (`id`,`name`,`country_id`) VALUES (1330,'Solothurn',95);
INSERT INTO `place` (`id`,`name`,`country_id`) VALUES (1331,'Schwyz',95);
INSERT INTO `place` (`id`,`name`,`country_id`) VALUES (1332,'Almaty',96);
INSERT INTO `place` (`id`,`name`,`country_id`) VALUES (1333,'Nur-Sultan',96);
INSERT INTO `place` (`id`,`name`,`country_id`) VALUES (1334,'Shymkent',96);
INSERT INTO `place` (`id`,`name`,`country_id`) VALUES (1335,'Qaraghandy',96);
INSERT INTO `place` (`id`,`name`,`country_id`) VALUES (1336,'Taraz',96);
INSERT INTO `place` (`id`,`name`,`country_id`) VALUES (1337,'Pavlodar',96);
INSERT INTO `place` (`id`,`name`,`country_id`) VALUES (1338,'Öskemen',96);
INSERT INTO `place` (`id`,`name`,`country_id`) VALUES (1339,'Semey',96);
INSERT INTO `place` (`id`,`name`,`country_id`) VALUES (1340,'Qyzylorda',96);
INSERT INTO `place` (`id`,`name`,`country_id`) VALUES (1341,'Aqtöbe',96);
INSERT INTO `place` (`id`,`name`,`country_id`) VALUES (1342,'Qostanay',96);
INSERT INTO `place` (`id`,`name`,`country_id`) VALUES (1343,'Petropavl',96);
INSERT INTO `place` (`id`,`name`,`country_id`) VALUES (1344,'Oral',96);
INSERT INTO `place` (`id`,`name`,`country_id`) VALUES (1345,'Atyraū',96);
INSERT INTO `place` (`id`,`name`,`country_id`) VALUES (1346,'Temirtaū',96);
INSERT INTO `place` (`id`,`name`,`country_id`) VALUES (1347,'Sofia',97);
INSERT INTO `place` (`id`,`name`,`country_id`) VALUES (1348,'Plovdiv',97);
INSERT INTO `place` (`id`,`name`,`country_id`) VALUES (1349,'Varna',97);
INSERT INTO `place` (`id`,`name`,`country_id`) VALUES (1350,'Burgas',97);
INSERT INTO `place` (`id`,`name`,`country_id`) VALUES (1351,'Ruse',97);
INSERT INTO `place` (`id`,`name`,`country_id`) VALUES (1352,'Stara Zagora',97);
INSERT INTO `place` (`id`,`name`,`country_id`) VALUES (1353,'Pleven',97);
INSERT INTO `place` (`id`,`name`,`country_id`) VALUES (1354,'Sliven',97);
INSERT INTO `place` (`id`,`name`,`country_id`) VALUES (1355,'Dobrich',97);
INSERT INTO `place` (`id`,`name`,`country_id`) VALUES (1356,'Shumen',97);
INSERT INTO `place` (`id`,`name`,`country_id`) VALUES (1357,'Pernik',97);
INSERT INTO `place` (`id`,`name`,`country_id`) VALUES (1358,'Haskovo',97);
INSERT INTO `place` (`id`,`name`,`country_id`) VALUES (1359,'Vratsa',97);
INSERT INTO `place` (`id`,`name`,`country_id`) VALUES (1360,'Veliko Tarnovo',97);
INSERT INTO `place` (`id`,`name`,`country_id`) VALUES (1361,'Kyustendil',97);
INSERT INTO `place` (`id`,`name`,`country_id`) VALUES (1362,'Prague',98);
INSERT INTO `place` (`id`,`name`,`country_id`) VALUES (1363,'Ostrava',98);
INSERT INTO `place` (`id`,`name`,`country_id`) VALUES (1364,'Brno',98);
INSERT INTO `place` (`id`,`name`,`country_id`) VALUES (1365,'Plzeň',98);
INSERT INTO `place` (`id`,`name`,`country_id`) VALUES (1366,'Zlín',98);
INSERT INTO `place` (`id`,`name`,`country_id`) VALUES (1367,'Pardubice',98);
INSERT INTO `place` (`id`,`name`,`country_id`) VALUES (1368,'Liberec',98);
INSERT INTO `place` (`id`,`name`,`country_id`) VALUES (1369,'Olomouc',98);
INSERT INTO `place` (`id`,`name`,`country_id`) VALUES (1370,'České Budějovice',98);
INSERT INTO `place` (`id`,`name`,`country_id`) VALUES (1371,'Hradec Králové',98);
INSERT INTO `place` (`id`,`name`,`country_id`) VALUES (1372,'Ústí nad Labem',98);
INSERT INTO `place` (`id`,`name`,`country_id`) VALUES (1373,'Jihlava',98);
INSERT INTO `place` (`id`,`name`,`country_id`) VALUES (1374,'Karlovy Vary',98);
INSERT INTO `place` (`id`,`name`,`country_id`) VALUES (1375,'Ouagadougou',99);
INSERT INTO `place` (`id`,`name`,`country_id`) VALUES (1376,'Bobo-Dioulasso',99);
INSERT INTO `place` (`id`,`name`,`country_id`) VALUES (1377,'Koudougou',99);
INSERT INTO `place` (`id`,`name`,`country_id`) VALUES (1378,'Ouahigouya',99);
INSERT INTO `place` (`id`,`name`,`country_id`) VALUES (1379,'Banfora',99);
INSERT INTO `place` (`id`,`name`,`country_id`) VALUES (1380,'Dédougou',99);
INSERT INTO `place` (`id`,`name`,`country_id`) VALUES (1381,'Kaya',99);
INSERT INTO `place` (`id`,`name`,`country_id`) VALUES (1382,'Tenkodogo',99);
INSERT INTO `place` (`id`,`name`,`country_id`) VALUES (1383,'Fada Ngourma',99);
INSERT INTO `place` (`id`,`name`,`country_id`) VALUES (1384,'Manga',99);
INSERT INTO `place` (`id`,`name`,`country_id`) VALUES (1385,'Ziniaré',99);
INSERT INTO `place` (`id`,`name`,`country_id`) VALUES (1386,'Gaoua',99);
INSERT INTO `place` (`id`,`name`,`country_id`) VALUES (1387,'Dori',99);
INSERT INTO `place` (`id`,`name`,`country_id`) VALUES (1388,'Réo',99);
INSERT INTO `place` (`id`,`name`,`country_id`) VALUES (1389,'Koupéla',99);
INSERT INTO `place` (`id`,`name`,`country_id`) VALUES (1390,'Helsinki',100);
INSERT INTO `place` (`id`,`name`,`country_id`) VALUES (1391,'Tampere',100);
INSERT INTO `place` (`id`,`name`,`country_id`) VALUES (1392,'Turku',100);
INSERT INTO `place` (`id`,`name`,`country_id`) VALUES (1393,'Oulu',100);
INSERT INTO `place` (`id`,`name`,`country_id`) VALUES (1394,'Lahti',100);
INSERT INTO `place` (`id`,`name`,`country_id`) VALUES (1395,'Jyväskylä',100);
INSERT INTO `place` (`id`,`name`,`country_id`) VALUES (1396,'Kuopio',100);
INSERT INTO `place` (`id`,`name`,`country_id`) VALUES (1397,'Pori',100);
INSERT INTO `place` (`id`,`name`,`country_id`) VALUES (1398,'Lappeenranta',100);
INSERT INTO `place` (`id`,`name`,`country_id`) VALUES (1399,'Vaasa',100);
INSERT INTO `place` (`id`,`name`,`country_id`) VALUES (1400,'Joensuu',100);
INSERT INTO `place` (`id`,`name`,`country_id`) VALUES (1401,'Hämeenlinna',100);
INSERT INTO `place` (`id`,`name`,`country_id`) VALUES (1402,'Kokkola',100);
INSERT INTO `place` (`id`,`name`,`country_id`) VALUES (1403,'Mikkeli',100);
INSERT INTO `place` (`id`,`name`,`country_id`) VALUES (1404,'Rovaniemi',100);
INSERT INTO `place` (`id`,`name`,`country_id`) VALUES (1405,'Yerevan',101);
INSERT INTO `place` (`id`,`name`,`country_id`) VALUES (1406,'Gyumri',101);
INSERT INTO `place` (`id`,`name`,`country_id`) VALUES (1407,'Vanadzor',101);
INSERT INTO `place` (`id`,`name`,`country_id`) VALUES (1408,'Gavarr',101);
INSERT INTO `place` (`id`,`name`,`country_id`) VALUES (1409,'Artashat',101);
INSERT INTO `place` (`id`,`name`,`country_id`) VALUES (1410,'Ashtarak',101);
INSERT INTO `place` (`id`,`name`,`country_id`) VALUES (1411,'Yeghegnadzor',101);
INSERT INTO `place` (`id`,`name`,`country_id`) VALUES (1412,'Armavir',101);
INSERT INTO `place` (`id`,`name`,`country_id`) VALUES (1413,'Hrazdan',101);
INSERT INTO `place` (`id`,`name`,`country_id`) VALUES (1414,'Ijevan',101);
INSERT INTO `place` (`id`,`name`,`country_id`) VALUES (1415,'Kapan',101);
INSERT INTO `place` (`id`,`name`,`country_id`) VALUES (1416,'Ijevan',101);
INSERT INTO `place` (`id`,`name`,`country_id`) VALUES (1417,'Mogadishu',102);
INSERT INTO `place` (`id`,`name`,`country_id`) VALUES (1418,'Kismaayo',102);
INSERT INTO `place` (`id`,`name`,`country_id`) VALUES (1419,'Jamaame',102);
INSERT INTO `place` (`id`,`name`,`country_id`) VALUES (1420,'Baidoa',102);
INSERT INTO `place` (`id`,`name`,`country_id`) VALUES (1421,'Jawhar',102);
INSERT INTO `place` (`id`,`name`,`country_id`) VALUES (1422,'Beledweyne',102);
INSERT INTO `place` (`id`,`name`,`country_id`) VALUES (1423,'Gaalkacyo',102);
INSERT INTO `place` (`id`,`name`,`country_id`) VALUES (1424,'Boosaaso',102);
INSERT INTO `place` (`id`,`name`,`country_id`) VALUES (1425,'Garbahaarrey',102);
INSERT INTO `place` (`id`,`name`,`country_id`) VALUES (1426,'Garoowe',102);
INSERT INTO `place` (`id`,`name`,`country_id`) VALUES (1427,'Marka',102);
INSERT INTO `place` (`id`,`name`,`country_id`) VALUES (1428,'Xuddur',102);
INSERT INTO `place` (`id`,`name`,`country_id`) VALUES (1429,'Bu’aale',102);
INSERT INTO `place` (`id`,`name`,`country_id`) VALUES (1430,'Dhuusamarreeb',102);
INSERT INTO `place` (`id`,`name`,`country_id`) VALUES (1431,'Hargeysa',102);
INSERT INTO `place` (`id`,`name`,`country_id`) VALUES (1432,'Tbilisi',103);
INSERT INTO `place` (`id`,`name`,`country_id`) VALUES (1433,'Kutaisi',103);
INSERT INTO `place` (`id`,`name`,`country_id`) VALUES (1434,'Rust’avi',103);
INSERT INTO `place` (`id`,`name`,`country_id`) VALUES (1435,'Batumi',103);
INSERT INTO `place` (`id`,`name`,`country_id`) VALUES (1436,'Sokhumi',103);
INSERT INTO `place` (`id`,`name`,`country_id`) VALUES (1437,'Zugdidi',103);
INSERT INTO `place` (`id`,`name`,`country_id`) VALUES (1438,'Ozurgeti',103);
INSERT INTO `place` (`id`,`name`,`country_id`) VALUES (1439,'Mtskheta',103);
INSERT INTO `place` (`id`,`name`,`country_id`) VALUES (1440,'Rustavi',103);
INSERT INTO `place` (`id`,`name`,`country_id`) VALUES (1441,'Gori',103);
INSERT INTO `place` (`id`,`name`,`country_id`) VALUES (1442,'Telavi',103);
INSERT INTO `place` (`id`,`name`,`country_id`) VALUES (1443,'Akhaltsikhe',103);
INSERT INTO `place` (`id`,`name`,`country_id`) VALUES (1444,'Ambrolauri',103);
INSERT INTO `place` (`id`,`name`,`country_id`) VALUES (1445,'P’ot’i',103);
INSERT INTO `place` (`id`,`name`,`country_id`) VALUES (1446,'Ts’khinvali',103);
INSERT INTO `place` (`id`,`name`,`country_id`) VALUES (1447,'Belgrade',104);
INSERT INTO `place` (`id`,`name`,`country_id`) VALUES (1448,'Niš',104);
INSERT INTO `place` (`id`,`name`,`country_id`) VALUES (1449,'Novi Sad',104);
INSERT INTO `place` (`id`,`name`,`country_id`) VALUES (1450,'Kragujevac',104);
INSERT INTO `place` (`id`,`name`,`country_id`) VALUES (1451,'Čačak',104);
INSERT INTO `place` (`id`,`name`,`country_id`) VALUES (1452,'Subotica',104);
INSERT INTO `place` (`id`,`name`,`country_id`) VALUES (1453,'Zrenjanin',104);
INSERT INTO `place` (`id`,`name`,`country_id`) VALUES (1454,'Kraljevo',104);
INSERT INTO `place` (`id`,`name`,`country_id`) VALUES (1455,'Leskovac',104);
INSERT INTO `place` (`id`,`name`,`country_id`) VALUES (1456,'Užice',104);
INSERT INTO `place` (`id`,`name`,`country_id`) VALUES (1457,'Jagodina',104);
INSERT INTO `place` (`id`,`name`,`country_id`) VALUES (1458,'Vranje',104);
INSERT INTO `place` (`id`,`name`,`country_id`) VALUES (1459,'Valjevo',104);
INSERT INTO `place` (`id`,`name`,`country_id`) VALUES (1460,'Šabac',104);
INSERT INTO `place` (`id`,`name`,`country_id`) VALUES (1461,'Gornji Milanovac',104);
INSERT INTO `place` (`id`,`name`,`country_id`) VALUES (1462,'Dushanbe',105);
INSERT INTO `place` (`id`,`name`,`country_id`) VALUES (1463,'Khŭjand',105);
INSERT INTO `place` (`id`,`name`,`country_id`) VALUES (1464,'Qŭrghonteppa',105);
INSERT INTO `place` (`id`,`name`,`country_id`) VALUES (1465,'Konibodom',105);
INSERT INTO `place` (`id`,`name`,`country_id`) VALUES (1466,'Istaravshan',105);
INSERT INTO `place` (`id`,`name`,`country_id`) VALUES (1467,'Kŭlob',105);
INSERT INTO `place` (`id`,`name`,`country_id`) VALUES (1468,'Khorugh',105);
INSERT INTO `place` (`id`,`name`,`country_id`) VALUES (1469,'Abdurahmoni Jomí',105);
INSERT INTO `place` (`id`,`name`,`country_id`) VALUES (1470,'Copenhagen',106);
INSERT INTO `place` (`id`,`name`,`country_id`) VALUES (1471,'Aarhus',106);
INSERT INTO `place` (`id`,`name`,`country_id`) VALUES (1472,'Odense',106);
INSERT INTO `place` (`id`,`name`,`country_id`) VALUES (1473,'Aalborg',106);
INSERT INTO `place` (`id`,`name`,`country_id`) VALUES (1474,'Esbjerg',106);
INSERT INTO `place` (`id`,`name`,`country_id`) VALUES (1475,'Vejle',106);
INSERT INTO `place` (`id`,`name`,`country_id`) VALUES (1476,'Viborg',106);
INSERT INTO `place` (`id`,`name`,`country_id`) VALUES (1477,'Hillerød',106);
INSERT INTO `place` (`id`,`name`,`country_id`) VALUES (1478,'Sorø',106);
INSERT INTO `place` (`id`,`name`,`country_id`) VALUES (1479,'Roskilde',106);
INSERT INTO `place` (`id`,`name`,`country_id`) VALUES (1480,'Svendborg',106);
INSERT INTO `place` (`id`,`name`,`country_id`) VALUES (1481,'Frederikshavn',106);
INSERT INTO `place` (`id`,`name`,`country_id`) VALUES (1482,'Amman',107);
INSERT INTO `place` (`id`,`name`,`country_id`) VALUES (1483,'Az Zarqā’',107);
INSERT INTO `place` (`id`,`name`,`country_id`) VALUES (1484,'Irbid',107);
INSERT INTO `place` (`id`,`name`,`country_id`) VALUES (1485,'As Salţ',107);
INSERT INTO `place` (`id`,`name`,`country_id`) VALUES (1486,'Al ‘Aqabah',107);
INSERT INTO `place` (`id`,`name`,`country_id`) VALUES (1487,'Al Karak',107);
INSERT INTO `place` (`id`,`name`,`country_id`) VALUES (1488,'Al Mafraq',107);
INSERT INTO `place` (`id`,`name`,`country_id`) VALUES (1489,'Ma‘ān',107);
INSERT INTO `place` (`id`,`name`,`country_id`) VALUES (1490,'Aţ Ţafīlah',107);
INSERT INTO `place` (`id`,`name`,`country_id`) VALUES (1491,'Mādabā',107);
INSERT INTO `place` (`id`,`name`,`country_id`) VALUES (1492,'Jarash',107);
INSERT INTO `place` (`id`,`name`,`country_id`) VALUES (1493,'‘Ajlūn',107);
INSERT INTO `place` (`id`,`name`,`country_id`) VALUES (1494,'Dublin',108);
INSERT INTO `place` (`id`,`name`,`country_id`) VALUES (1495,'Cork',108);
INSERT INTO `place` (`id`,`name`,`country_id`) VALUES (1496,'Limerick',108);
INSERT INTO `place` (`id`,`name`,`country_id`) VALUES (1497,'Galway',108);
INSERT INTO `place` (`id`,`name`,`country_id`) VALUES (1498,'Waterford',108);
INSERT INTO `place` (`id`,`name`,`country_id`) VALUES (1499,'Dún Dealgan',108);
INSERT INTO `place` (`id`,`name`,`country_id`) VALUES (1500,'Drogheda',108);
INSERT INTO `place` (`id`,`name`,`country_id`) VALUES (1501,'Tralee',108);
INSERT INTO `place` (`id`,`name`,`country_id`) VALUES (1502,'Kilkenny',108);
INSERT INTO `place` (`id`,`name`,`country_id`) VALUES (1503,'Sligo',108);
INSERT INTO `place` (`id`,`name`,`country_id`) VALUES (1504,'Monaghan',108);
INSERT INTO `place` (`id`,`name`,`country_id`) VALUES (1505,'Ros Comáin',108);
INSERT INTO `place` (`id`,`name`,`country_id`) VALUES (1506,'Dunleary',108);
INSERT INTO `place` (`id`,`name`,`country_id`) VALUES (1507,'Tallaght',108);
INSERT INTO `place` (`id`,`name`,`country_id`) VALUES (1508,'Wicklow',108);
INSERT INTO `place` (`id`,`name`,`country_id`) VALUES (1509,'Monrovia',109);
INSERT INTO `place` (`id`,`name`,`country_id`) VALUES (1510,'Gbarnga',109);
INSERT INTO `place` (`id`,`name`,`country_id`) VALUES (1511,'Kakata',109);
INSERT INTO `place` (`id`,`name`,`country_id`) VALUES (1512,'Harper',109);
INSERT INTO `place` (`id`,`name`,`country_id`) VALUES (1513,'Voinjama',109);
INSERT INTO `place` (`id`,`name`,`country_id`) VALUES (1514,'Zwedru',109);
INSERT INTO `place` (`id`,`name`,`country_id`) VALUES (1515,'Robertsport',109);
INSERT INTO `place` (`id`,`name`,`country_id`) VALUES (1516,'Sanniquellie',109);
INSERT INTO `place` (`id`,`name`,`country_id`) VALUES (1517,'Greenville',109);
INSERT INTO `place` (`id`,`name`,`country_id`) VALUES (1518,'Bensonville',109);
INSERT INTO `place` (`id`,`name`,`country_id`) VALUES (1519,'Barclayville',109);
INSERT INTO `place` (`id`,`name`,`country_id`) VALUES (1520,'Cestos City',109);
INSERT INTO `place` (`id`,`name`,`country_id`) VALUES (1521,'Buchanan',109);
INSERT INTO `place` (`id`,`name`,`country_id`) VALUES (1522,'Tubmanburg',109);
INSERT INTO `place` (`id`,`name`,`country_id`) VALUES (1523,'Fish Town',109);
INSERT INTO `place` (`id`,`name`,`country_id`) VALUES (1524,'Guatemala City',110);
INSERT INTO `place` (`id`,`name`,`country_id`) VALUES (1525,'Quetzaltenango',110);
INSERT INTO `place` (`id`,`name`,`country_id`) VALUES (1526,'Guastatoya',110);
INSERT INTO `place` (`id`,`name`,`country_id`) VALUES (1527,'San Luis',110);
INSERT INTO `place` (`id`,`name`,`country_id`) VALUES (1528,'Escuintla',110);
INSERT INTO `place` (`id`,`name`,`country_id`) VALUES (1529,'Huehuetenango',110);
INSERT INTO `place` (`id`,`name`,`country_id`) VALUES (1530,'Chimaltenango',110);
INSERT INTO `place` (`id`,`name`,`country_id`) VALUES (1531,'Totonicapán',110);
INSERT INTO `place` (`id`,`name`,`country_id`) VALUES (1532,'Cobán',110);
INSERT INTO `place` (`id`,`name`,`country_id`) VALUES (1533,'Mazatenango',110);
INSERT INTO `place` (`id`,`name`,`country_id`) VALUES (1534,'Puerto Barrios',110);
INSERT INTO `place` (`id`,`name`,`country_id`) VALUES (1535,'Jutiapa',110);
INSERT INTO `place` (`id`,`name`,`country_id`) VALUES (1536,'Jalapa',110);
INSERT INTO `place` (`id`,`name`,`country_id`) VALUES (1537,'Sololá',110);
INSERT INTO `place` (`id`,`name`,`country_id`) VALUES (1538,'Chiquimula',110);
INSERT INTO `place` (`id`,`name`,`country_id`) VALUES (1539,'N’Djamena',111);
INSERT INTO `place` (`id`,`name`,`country_id`) VALUES (1540,'Bongor',111);
INSERT INTO `place` (`id`,`name`,`country_id`) VALUES (1541,'Sarh',111);
INSERT INTO `place` (`id`,`name`,`country_id`) VALUES (1542,'Abéché',111);
INSERT INTO `place` (`id`,`name`,`country_id`) VALUES (1543,'Moundou',111);
INSERT INTO `place` (`id`,`name`,`country_id`) VALUES (1544,'Am Timan',111);
INSERT INTO `place` (`id`,`name`,`country_id`) VALUES (1545,'Doba',111);
INSERT INTO `place` (`id`,`name`,`country_id`) VALUES (1546,'Mongo',111);
INSERT INTO `place` (`id`,`name`,`country_id`) VALUES (1547,'Ati',111);
INSERT INTO `place` (`id`,`name`,`country_id`) VALUES (1548,'Laï',111);
INSERT INTO `place` (`id`,`name`,`country_id`) VALUES (1549,'Mao',111);
INSERT INTO `place` (`id`,`name`,`country_id`) VALUES (1550,'Faya',111);
INSERT INTO `place` (`id`,`name`,`country_id`) VALUES (1551,'Biltine',111);
INSERT INTO `place` (`id`,`name`,`country_id`) VALUES (1552,'Bol',111);
INSERT INTO `place` (`id`,`name`,`country_id`) VALUES (1553,'Fada',111);
INSERT INTO `place` (`id`,`name`,`country_id`) VALUES (1554,'Tegucigalpa',112);
INSERT INTO `place` (`id`,`name`,`country_id`) VALUES (1555,'San Pedro Sula',112);
INSERT INTO `place` (`id`,`name`,`country_id`) VALUES (1556,'La Ceiba',112);
INSERT INTO `place` (`id`,`name`,`country_id`) VALUES (1557,'Ciudad Choluteca',112);
INSERT INTO `place` (`id`,`name`,`country_id`) VALUES (1558,'Comayagua',112);
INSERT INTO `place` (`id`,`name`,`country_id`) VALUES (1559,'Nacaome',112);
INSERT INTO `place` (`id`,`name`,`country_id`) VALUES (1560,'Juticalpa',112);
INSERT INTO `place` (`id`,`name`,`country_id`) VALUES (1561,'Santa Rosa de Copán',112);
INSERT INTO `place` (`id`,`name`,`country_id`) VALUES (1562,'La Paz',112);
INSERT INTO `place` (`id`,`name`,`country_id`) VALUES (1563,'Santa Bárbara',112);
INSERT INTO `place` (`id`,`name`,`country_id`) VALUES (1564,'Trujillo',112);
INSERT INTO `place` (`id`,`name`,`country_id`) VALUES (1565,'Nueva Ocotepeque',112);
INSERT INTO `place` (`id`,`name`,`country_id`) VALUES (1566,'Gracias',112);
INSERT INTO `place` (`id`,`name`,`country_id`) VALUES (1567,'Roatán',112);
INSERT INTO `place` (`id`,`name`,`country_id`) VALUES (1568,'La Esperanza',112);
INSERT INTO `place` (`id`,`name`,`country_id`) VALUES (1569,'Kingston',113);
INSERT INTO `place` (`id`,`name`,`country_id`) VALUES (1570,'Spanish Town',113);
INSERT INTO `place` (`id`,`name`,`country_id`) VALUES (1571,'May Pen',113);
INSERT INTO `place` (`id`,`name`,`country_id`) VALUES (1572,'Montego Bay',113);
INSERT INTO `place` (`id`,`name`,`country_id`) VALUES (1573,'Half Way Tree',113);
INSERT INTO `place` (`id`,`name`,`country_id`) VALUES (1574,'Mandeville',113);
INSERT INTO `place` (`id`,`name`,`country_id`) VALUES (1575,'Savanna-la-Mar',113);
INSERT INTO `place` (`id`,`name`,`country_id`) VALUES (1576,'Port Antonio',113);
INSERT INTO `place` (`id`,`name`,`country_id`) VALUES (1577,'Saint Ann’s Bay',113);
INSERT INTO `place` (`id`,`name`,`country_id`) VALUES (1578,'Port Maria',113);
INSERT INTO `place` (`id`,`name`,`country_id`) VALUES (1579,'Falmouth',113);
INSERT INTO `place` (`id`,`name`,`country_id`) VALUES (1580,'Lucea',113);
INSERT INTO `place` (`id`,`name`,`country_id`) VALUES (1581,'Black River',113);
INSERT INTO `place` (`id`,`name`,`country_id`) VALUES (1582,'Morant Bay',113);
INSERT INTO `place` (`id`,`name`,`country_id`) VALUES (1583,'Port Morant',113);
INSERT INTO `place` (`id`,`name`,`country_id`) VALUES (1584,'Djibouti',114);
INSERT INTO `place` (`id`,`name`,`country_id`) VALUES (1585,'Ali Sabieh',114);
INSERT INTO `place` (`id`,`name`,`country_id`) VALUES (1586,'Tadjourah',114);
INSERT INTO `place` (`id`,`name`,`country_id`) VALUES (1587,'Obock',114);
INSERT INTO `place` (`id`,`name`,`country_id`) VALUES (1588,'Dikhil',114);
INSERT INTO `place` (`id`,`name`,`country_id`) VALUES (1589,'Arta',114);
INSERT INTO `place` (`id`,`name`,`country_id`) VALUES (1590,'Managua',115);
INSERT INTO `place` (`id`,`name`,`country_id`) VALUES (1591,'León',115);
INSERT INTO `place` (`id`,`name`,`country_id`) VALUES (1592,'Chinandega',115);
INSERT INTO `place` (`id`,`name`,`country_id`) VALUES (1593,'Masaya',115);
INSERT INTO `place` (`id`,`name`,`country_id`) VALUES (1594,'Matagalpa',115);
INSERT INTO `place` (`id`,`name`,`country_id`) VALUES (1595,'Estelí',115);
INSERT INTO `place` (`id`,`name`,`country_id`) VALUES (1596,'Granada',115);
INSERT INTO `place` (`id`,`name`,`country_id`) VALUES (1597,'Juigalpa',115);
INSERT INTO `place` (`id`,`name`,`country_id`) VALUES (1598,'Jinotega',115);
INSERT INTO `place` (`id`,`name`,`country_id`) VALUES (1599,'Bluefields',115);
INSERT INTO `place` (`id`,`name`,`country_id`) VALUES (1600,'Bilwi',115);
INSERT INTO `place` (`id`,`name`,`country_id`) VALUES (1601,'Ocotal',115);
INSERT INTO `place` (`id`,`name`,`country_id`) VALUES (1602,'Rivas',115);
INSERT INTO `place` (`id`,`name`,`country_id`) VALUES (1603,'Jinotepe',115);
INSERT INTO `place` (`id`,`name`,`country_id`) VALUES (1604,'Boaco',115);
INSERT INTO `place` (`id`,`name`,`country_id`) VALUES (1605,'Niamey',116);
INSERT INTO `place` (`id`,`name`,`country_id`) VALUES (1606,'Maradi',116);
INSERT INTO `place` (`id`,`name`,`country_id`) VALUES (1607,'Zinder',116);
INSERT INTO `place` (`id`,`name`,`country_id`) VALUES (1608,'Agadez',116);
INSERT INTO `place` (`id`,`name`,`country_id`) VALUES (1609,'Tahoua',116);
INSERT INTO `place` (`id`,`name`,`country_id`) VALUES (1610,'Dosso',116);
INSERT INTO `place` (`id`,`name`,`country_id`) VALUES (1611,'Diffa',116);
INSERT INTO `place` (`id`,`name`,`country_id`) VALUES (1612,'Tillabéri',116);
INSERT INTO `place` (`id`,`name`,`country_id`) VALUES (1613,'Arlit',116);
INSERT INTO `place` (`id`,`name`,`country_id`) VALUES (1614,'Birnin Konni',116);
INSERT INTO `place` (`id`,`name`,`country_id`) VALUES (1615,'Gaya',116);
INSERT INTO `place` (`id`,`name`,`country_id`) VALUES (1616,'Ayorou',116);
INSERT INTO `place` (`id`,`name`,`country_id`) VALUES (1617,'Madaoua',116);
INSERT INTO `place` (`id`,`name`,`country_id`) VALUES (1618,'Nguigmi',116);
INSERT INTO `place` (`id`,`name`,`country_id`) VALUES (1619,'Gouré',116);
INSERT INTO `place` (`id`,`name`,`country_id`) VALUES (1620,'Tirana',117);
INSERT INTO `place` (`id`,`name`,`country_id`) VALUES (1621,'Elbasan',117);
INSERT INTO `place` (`id`,`name`,`country_id`) VALUES (1622,'Shkodër',117);
INSERT INTO `place` (`id`,`name`,`country_id`) VALUES (1623,'Durrës',117);
INSERT INTO `place` (`id`,`name`,`country_id`) VALUES (1624,'Vlorë',117);
INSERT INTO `place` (`id`,`name`,`country_id`) VALUES (1625,'Fier',117);
INSERT INTO `place` (`id`,`name`,`country_id`) VALUES (1626,'Korçë',117);
INSERT INTO `place` (`id`,`name`,`country_id`) VALUES (1627,'Berat',117);
INSERT INTO `place` (`id`,`name`,`country_id`) VALUES (1628,'Gjirokastër',117);
INSERT INTO `place` (`id`,`name`,`country_id`) VALUES (1629,'Lezhë',117);
INSERT INTO `place` (`id`,`name`,`country_id`) VALUES (1630,'Kukës',117);
INSERT INTO `place` (`id`,`name`,`country_id`) VALUES (1631,'Peshkopi',117);
INSERT INTO `place` (`id`,`name`,`country_id`) VALUES (1632,'Lushnjë',117);
INSERT INTO `place` (`id`,`name`,`country_id`) VALUES (1633,'Pogradec',117);
INSERT INTO `place` (`id`,`name`,`country_id`) VALUES (1634,'Krujë',117);
INSERT INTO `place` (`id`,`name`,`country_id`) VALUES (1635,'Kathmandu',118);
INSERT INTO `place` (`id`,`name`,`country_id`) VALUES (1636,'Jitpur',118);
INSERT INTO `place` (`id`,`name`,`country_id`) VALUES (1637,'Heṭauḍā',118);
INSERT INTO `place` (`id`,`name`,`country_id`) VALUES (1638,'Pokhara',118);
INSERT INTO `place` (`id`,`name`,`country_id`) VALUES (1639,'Birāṭnagar',118);
INSERT INTO `place` (`id`,`name`,`country_id`) VALUES (1640,'Birgañj',118);
INSERT INTO `place` (`id`,`name`,`country_id`) VALUES (1641,'Nepālgañj',118);
INSERT INTO `place` (`id`,`name`,`country_id`) VALUES (1642,'Janakpur',118);
INSERT INTO `place` (`id`,`name`,`country_id`) VALUES (1643,'Butwāl',118);
INSERT INTO `place` (`id`,`name`,`country_id`) VALUES (1644,'Birendranagar',118);
INSERT INTO `place` (`id`,`name`,`country_id`) VALUES (1645,'Godāwari̇̄',118);
INSERT INTO `place` (`id`,`name`,`country_id`) VALUES (1646,'Dhangaḍhi̇̄',118);
INSERT INTO `place` (`id`,`name`,`country_id`) VALUES (1647,'Bhairāhawā',118);
INSERT INTO `place` (`id`,`name`,`country_id`) VALUES (1648,'Hanumānnagar',118);
INSERT INTO `place` (`id`,`name`,`country_id`) VALUES (1649,'Bāglung',118);
INSERT INTO `place` (`id`,`name`,`country_id`) VALUES (1650,'Ulaanbaatar',119);
INSERT INTO `place` (`id`,`name`,`country_id`) VALUES (1651,'Erdenet',119);
INSERT INTO `place` (`id`,`name`,`country_id`) VALUES (1652,'Ulaangom',119);
INSERT INTO `place` (`id`,`name`,`country_id`) VALUES (1653,'Ölgiy',119);
INSERT INTO `place` (`id`,`name`,`country_id`) VALUES (1654,'Choybalsan',119);
INSERT INTO `place` (`id`,`name`,`country_id`) VALUES (1655,'Hovd',119);
INSERT INTO `place` (`id`,`name`,`country_id`) VALUES (1656,'Arvayheer',119);
INSERT INTO `place` (`id`,`name`,`country_id`) VALUES (1657,'Mörön',119);
INSERT INTO `place` (`id`,`name`,`country_id`) VALUES (1658,'Bayanhongor',119);
INSERT INTO `place` (`id`,`name`,`country_id`) VALUES (1659,'Sühbaatar',119);
INSERT INTO `place` (`id`,`name`,`country_id`) VALUES (1660,'Tsetserleg',119);
INSERT INTO `place` (`id`,`name`,`country_id`) VALUES (1661,'Dzuunmod',119);
INSERT INTO `place` (`id`,`name`,`country_id`) VALUES (1662,'Bulgan',119);
INSERT INTO `place` (`id`,`name`,`country_id`) VALUES (1663,'Baruun-Urt',119);
INSERT INTO `place` (`id`,`name`,`country_id`) VALUES (1664,'Öndörhaan',119);
INSERT INTO `place` (`id`,`name`,`country_id`) VALUES (1665,'Kigali',120);
INSERT INTO `place` (`id`,`name`,`country_id`) VALUES (1666,'Nyanza',120);
INSERT INTO `place` (`id`,`name`,`country_id`) VALUES (1667,'Ruhengeri',120);
INSERT INTO `place` (`id`,`name`,`country_id`) VALUES (1668,'Gisenyi',120);
INSERT INTO `place` (`id`,`name`,`country_id`) VALUES (1669,'Byumba',120);
INSERT INTO `place` (`id`,`name`,`country_id`) VALUES (1670,'Kibuye',120);
INSERT INTO `place` (`id`,`name`,`country_id`) VALUES (1671,'Rwamagana',120);
INSERT INTO `place` (`id`,`name`,`country_id`) VALUES (1672,'Gitarama',120);
INSERT INTO `place` (`id`,`name`,`country_id`) VALUES (1673,'Butare',120);
INSERT INTO `place` (`id`,`name`,`country_id`) VALUES (1674,'Kibungo',120);
INSERT INTO `place` (`id`,`name`,`country_id`) VALUES (1675,'Cyangugu',120);
INSERT INTO `place` (`id`,`name`,`country_id`) VALUES (1676,'Gikongoro',120);
INSERT INTO `place` (`id`,`name`,`country_id`) VALUES (1677,'Bishkek',121);
INSERT INTO `place` (`id`,`name`,`country_id`) VALUES (1678,'Osh',121);
INSERT INTO `place` (`id`,`name`,`country_id`) VALUES (1679,'Jalal-Abad',121);
INSERT INTO `place` (`id`,`name`,`country_id`) VALUES (1680,'Tokmok',121);
INSERT INTO `place` (`id`,`name`,`country_id`) VALUES (1681,'Karakol',121);
INSERT INTO `place` (`id`,`name`,`country_id`) VALUES (1682,'Naryn',121);
INSERT INTO `place` (`id`,`name`,`country_id`) VALUES (1683,'Talas',121);
INSERT INTO `place` (`id`,`name`,`country_id`) VALUES (1684,'Batken',121);
INSERT INTO `place` (`id`,`name`,`country_id`) VALUES (1685,'Kara-Balta',121);
INSERT INTO `place` (`id`,`name`,`country_id`) VALUES (1686,'Balykchy',121);
INSERT INTO `place` (`id`,`name`,`country_id`) VALUES (1687,'Toktogul',121);
INSERT INTO `place` (`id`,`name`,`country_id`) VALUES (1688,'Tash-Kömür',121);
INSERT INTO `place` (`id`,`name`,`country_id`) VALUES (1689,'Cholpon-Ata',121);
INSERT INTO `place` (`id`,`name`,`country_id`) VALUES (1690,'At-Bashy',121);
INSERT INTO `place` (`id`,`name`,`country_id`) VALUES (1691,'Kök-Janggak',121);
INSERT INTO `place` (`id`,`name`,`country_id`) VALUES (1692,'Oslo',122);
INSERT INTO `place` (`id`,`name`,`country_id`) VALUES (1693,'Bergen',122);
INSERT INTO `place` (`id`,`name`,`country_id`) VALUES (1694,'Stavanger',122);
INSERT INTO `place` (`id`,`name`,`country_id`) VALUES (1695,'Trondheim',122);
INSERT INTO `place` (`id`,`name`,`country_id`) VALUES (1696,'Sørum',122);
INSERT INTO `place` (`id`,`name`,`country_id`) VALUES (1697,'Drammen',122);
INSERT INTO `place` (`id`,`name`,`country_id`) VALUES (1698,'Skien',122);
INSERT INTO `place` (`id`,`name`,`country_id`) VALUES (1699,'Kristiansand',122);
INSERT INTO `place` (`id`,`name`,`country_id`) VALUES (1700,'Tromsø',122);
INSERT INTO `place` (`id`,`name`,`country_id`) VALUES (1701,'Bodø',122);
INSERT INTO `place` (`id`,`name`,`country_id`) VALUES (1702,'Arendal',122);
INSERT INTO `place` (`id`,`name`,`country_id`) VALUES (1703,'Hamar',122);
INSERT INTO `place` (`id`,`name`,`country_id`) VALUES (1704,'Lillehammer',122);
INSERT INTO `place` (`id`,`name`,`country_id`) VALUES (1705,'Molde',122);
INSERT INTO `place` (`id`,`name`,`country_id`) VALUES (1706,'Steinkjer',122);
INSERT INTO `place` (`id`,`name`,`country_id`) VALUES (1707,'Bangui',123);
INSERT INTO `place` (`id`,`name`,`country_id`) VALUES (1708,'Mbaïki',123);
INSERT INTO `place` (`id`,`name`,`country_id`) VALUES (1709,'Bossangoa',123);
INSERT INTO `place` (`id`,`name`,`country_id`) VALUES (1710,'Bambari',123);
INSERT INTO `place` (`id`,`name`,`country_id`) VALUES (1711,'Berbérati',123);
INSERT INTO `place` (`id`,`name`,`country_id`) VALUES (1712,'Kaga Bandoro',123);
INSERT INTO `place` (`id`,`name`,`country_id`) VALUES (1713,'Bozoum',123);
INSERT INTO `place` (`id`,`name`,`country_id`) VALUES (1714,'Bouar',123);
INSERT INTO `place` (`id`,`name`,`country_id`) VALUES (1715,'Sibut',123);
INSERT INTO `place` (`id`,`name`,`country_id`) VALUES (1716,'Bangassou',123);
INSERT INTO `place` (`id`,`name`,`country_id`) VALUES (1717,'Bria',123);
INSERT INTO `place` (`id`,`name`,`country_id`) VALUES (1718,'Nola',123);
INSERT INTO `place` (`id`,`name`,`country_id`) VALUES (1719,'Mobaye',123);
INSERT INTO `place` (`id`,`name`,`country_id`) VALUES (1720,'Obo',123);
INSERT INTO `place` (`id`,`name`,`country_id`) VALUES (1721,'Ndélé',123);
INSERT INTO `place` (`id`,`name`,`country_id`) VALUES (1722,'Freetown',124);
INSERT INTO `place` (`id`,`name`,`country_id`) VALUES (1723,'Bo',124);
INSERT INTO `place` (`id`,`name`,`country_id`) VALUES (1724,'Kenema',124);
INSERT INTO `place` (`id`,`name`,`country_id`) VALUES (1725,'Makeni',124);
INSERT INTO `place` (`id`,`name`,`country_id`) VALUES (1726,'Port Loko',124);
INSERT INTO `place` (`id`,`name`,`country_id`) VALUES (1727,'Koidu-Bulma',124);
INSERT INTO `place` (`id`,`name`,`country_id`) VALUES (1728,'Cotonou',125);
INSERT INTO `place` (`id`,`name`,`country_id`) VALUES (1729,'Porto-Novo',125);
INSERT INTO `place` (`id`,`name`,`country_id`) VALUES (1730,'Djougou',125);
INSERT INTO `place` (`id`,`name`,`country_id`) VALUES (1731,'Parakou',125);
INSERT INTO `place` (`id`,`name`,`country_id`) VALUES (1732,'Kandi',125);
INSERT INTO `place` (`id`,`name`,`country_id`) VALUES (1733,'Lokossa',125);
INSERT INTO `place` (`id`,`name`,`country_id`) VALUES (1734,'Ouidah',125);
INSERT INTO `place` (`id`,`name`,`country_id`) VALUES (1735,'Abomey',125);
INSERT INTO `place` (`id`,`name`,`country_id`) VALUES (1736,'Natitingou',125);
INSERT INTO `place` (`id`,`name`,`country_id`) VALUES (1737,'Dogbo',125);
INSERT INTO `place` (`id`,`name`,`country_id`) VALUES (1738,'Sakété',125);
INSERT INTO `place` (`id`,`name`,`country_id`) VALUES (1739,'Savalou',125);
INSERT INTO `place` (`id`,`name`,`country_id`) VALUES (1740,'Vientiane',126);
INSERT INTO `place` (`id`,`name`,`country_id`) VALUES (1741,'Louangphabang',126);
INSERT INTO `place` (`id`,`name`,`country_id`) VALUES (1742,'Pakxé',126);
INSERT INTO `place` (`id`,`name`,`country_id`) VALUES (1743,'Savannakhet',126);
INSERT INTO `place` (`id`,`name`,`country_id`) VALUES (1744,'Thakhèk',126);
INSERT INTO `place` (`id`,`name`,`country_id`) VALUES (1745,'Xam Nua',126);
INSERT INTO `place` (`id`,`name`,`country_id`) VALUES (1746,'Xaignabouli',126);
INSERT INTO `place` (`id`,`name`,`country_id`) VALUES (1747,'Ban Houayxay',126);
INSERT INTO `place` (`id`,`name`,`country_id`) VALUES (1748,'Phôngsali',126);
INSERT INTO `place` (`id`,`name`,`country_id`) VALUES (1749,'Salavan',126);
INSERT INTO `place` (`id`,`name`,`country_id`) VALUES (1750,'Attapu',126);
INSERT INTO `place` (`id`,`name`,`country_id`) VALUES (1751,'Louang Namtha',126);
INSERT INTO `place` (`id`,`name`,`country_id`) VALUES (1752,'Phôn-Hông',126);
INSERT INTO `place` (`id`,`name`,`country_id`) VALUES (1753,'Phônsavan',126);
INSERT INTO `place` (`id`,`name`,`country_id`) VALUES (1754,'Pakxan',126);
INSERT INTO `place` (`id`,`name`,`country_id`) VALUES (1755,'Riga',127);
INSERT INTO `place` (`id`,`name`,`country_id`) VALUES (1756,'Daugavpils',127);
INSERT INTO `place` (`id`,`name`,`country_id`) VALUES (1757,'Liepāja',127);
INSERT INTO `place` (`id`,`name`,`country_id`) VALUES (1758,'Jelgava',127);
INSERT INTO `place` (`id`,`name`,`country_id`) VALUES (1759,'Ventspils',127);
INSERT INTO `place` (`id`,`name`,`country_id`) VALUES (1760,'Rēzekne',127);
INSERT INTO `place` (`id`,`name`,`country_id`) VALUES (1761,'Valmiera',127);
INSERT INTO `place` (`id`,`name`,`country_id`) VALUES (1762,'Jēkabpils',127);
INSERT INTO `place` (`id`,`name`,`country_id`) VALUES (1763,'Jūrmala',127);
INSERT INTO `place` (`id`,`name`,`country_id`) VALUES (1764,'Salaspils',127);
INSERT INTO `place` (`id`,`name`,`country_id`) VALUES (1765,'Ulbroka',127);
INSERT INTO `place` (`id`,`name`,`country_id`) VALUES (1766,'Mārupe',127);
INSERT INTO `place` (`id`,`name`,`country_id`) VALUES (1767,'Saulkrasti',127);
INSERT INTO `place` (`id`,`name`,`country_id`) VALUES (1768,'Cēsis',127);
INSERT INTO `place` (`id`,`name`,`country_id`) VALUES (1769,'Aizkraukle',127);
INSERT INTO `place` (`id`,`name`,`country_id`) VALUES (1770,'Nouakchott',128);
INSERT INTO `place` (`id`,`name`,`country_id`) VALUES (1771,'Néma',128);
INSERT INTO `place` (`id`,`name`,`country_id`) VALUES (1772,'Nouadhibou',128);
INSERT INTO `place` (`id`,`name`,`country_id`) VALUES (1773,'Kiffa',128);
INSERT INTO `place` (`id`,`name`,`country_id`) VALUES (1774,'Zouerate',128);
INSERT INTO `place` (`id`,`name`,`country_id`) VALUES (1775,'Rosso',128);
INSERT INTO `place` (`id`,`name`,`country_id`) VALUES (1776,'Atar',128);
INSERT INTO `place` (`id`,`name`,`country_id`) VALUES (1777,'Tidjikja',128);
INSERT INTO `place` (`id`,`name`,`country_id`) VALUES (1778,'Aleg',128);
INSERT INTO `place` (`id`,`name`,`country_id`) VALUES (1779,'Aioun',128);
INSERT INTO `place` (`id`,`name`,`country_id`) VALUES (1780,'Sélibaby',128);
INSERT INTO `place` (`id`,`name`,`country_id`) VALUES (1781,'Akjoujt',128);
INSERT INTO `place` (`id`,`name`,`country_id`) VALUES (1782,'Arafat',128);
INSERT INTO `place` (`id`,`name`,`country_id`) VALUES (1783,'Tevragh Zeina',128);
INSERT INTO `place` (`id`,`name`,`country_id`) VALUES (1784,'Dar Naim',128);
INSERT INTO `place` (`id`,`name`,`country_id`) VALUES (1785,'Muscat',129);
INSERT INTO `place` (`id`,`name`,`country_id`) VALUES (1786,'As Sīb',129);
INSERT INTO `place` (`id`,`name`,`country_id`) VALUES (1787,'Şalālah',129);
INSERT INTO `place` (`id`,`name`,`country_id`) VALUES (1788,'Aş Şuwayḩirah as Sāḩil',129);
INSERT INTO `place` (`id`,`name`,`country_id`) VALUES (1789,'‘Ibrī',129);
INSERT INTO `place` (`id`,`name`,`country_id`) VALUES (1790,'Nizwá',129);
INSERT INTO `place` (`id`,`name`,`country_id`) VALUES (1791,'Al Buraymī',129);
INSERT INTO `place` (`id`,`name`,`country_id`) VALUES (1792,'Şuḩār',129);
INSERT INTO `place` (`id`,`name`,`country_id`) VALUES (1793,'Ar Rustāq',129);
INSERT INTO `place` (`id`,`name`,`country_id`) VALUES (1794,'Şūr',129);
INSERT INTO `place` (`id`,`name`,`country_id`) VALUES (1795,'Ibrā’',129);
INSERT INTO `place` (`id`,`name`,`country_id`) VALUES (1796,'Khaşab',129);
INSERT INTO `place` (`id`,`name`,`country_id`) VALUES (1797,'Haymā’',129);
INSERT INTO `place` (`id`,`name`,`country_id`) VALUES (1798,'Al Madrah Samā’il',129);
INSERT INTO `place` (`id`,`name`,`country_id`) VALUES (1799,'Dawwah',129);
INSERT INTO `place` (`id`,`name`,`country_id`) VALUES (1800,'Ashgabat',130);
INSERT INTO `place` (`id`,`name`,`country_id`) VALUES (1801,'Türkmenabat',130);
INSERT INTO `place` (`id`,`name`,`country_id`) VALUES (1802,'Daşoguz',130);
INSERT INTO `place` (`id`,`name`,`country_id`) VALUES (1803,'Mary',130);
INSERT INTO `place` (`id`,`name`,`country_id`) VALUES (1804,'Balkanabat',130);
INSERT INTO `place` (`id`,`name`,`country_id`) VALUES (1805,'Änew',130);
INSERT INTO `place` (`id`,`name`,`country_id`) VALUES (1806,'Türkmenbaşy',130);
INSERT INTO `place` (`id`,`name`,`country_id`) VALUES (1807,'Tejen',130);
INSERT INTO `place` (`id`,`name`,`country_id`) VALUES (1808,'Serdar',130);
INSERT INTO `place` (`id`,`name`,`country_id`) VALUES (1809,'Abadan',130);
INSERT INTO `place` (`id`,`name`,`country_id`) VALUES (1810,'Kaka',130);
INSERT INTO `place` (`id`,`name`,`country_id`) VALUES (1811,'Atamyrat',130);
INSERT INTO `place` (`id`,`name`,`country_id`) VALUES (1812,'Köneürgench',130);
INSERT INTO `place` (`id`,`name`,`country_id`) VALUES (1813,'Çeleken',130);
INSERT INTO `place` (`id`,`name`,`country_id`) VALUES (1814,'Zagreb',131);
INSERT INTO `place` (`id`,`name`,`country_id`) VALUES (1815,'Split',131);
INSERT INTO `place` (`id`,`name`,`country_id`) VALUES (1816,'Rijeka',131);
INSERT INTO `place` (`id`,`name`,`country_id`) VALUES (1817,'Slavonski Brod',131);
INSERT INTO `place` (`id`,`name`,`country_id`) VALUES (1818,'Osijek',131);
INSERT INTO `place` (`id`,`name`,`country_id`) VALUES (1819,'Zadar',131);
INSERT INTO `place` (`id`,`name`,`country_id`) VALUES (1820,'Karlovac',131);
INSERT INTO `place` (`id`,`name`,`country_id`) VALUES (1821,'Šibenik',131);
INSERT INTO `place` (`id`,`name`,`country_id`) VALUES (1822,'Dubrovnik',131);
INSERT INTO `place` (`id`,`name`,`country_id`) VALUES (1823,'Varaždin',131);
INSERT INTO `place` (`id`,`name`,`country_id`) VALUES (1824,'Čakovec',131);
INSERT INTO `place` (`id`,`name`,`country_id`) VALUES (1825,'Koprivnica',131);
INSERT INTO `place` (`id`,`name`,`country_id`) VALUES (1826,'Vukovar',131);
INSERT INTO `place` (`id`,`name`,`country_id`) VALUES (1827,'Bjelovar',131);
INSERT INTO `place` (`id`,`name`,`country_id`) VALUES (1828,'Požega',131);
INSERT INTO `place` (`id`,`name`,`country_id`) VALUES (1829,'Sarajevo',132);
INSERT INTO `place` (`id`,`name`,`country_id`) VALUES (1830,'Banja Luka',132);
INSERT INTO `place` (`id`,`name`,`country_id`) VALUES (1831,'Zenica',132);
INSERT INTO `place` (`id`,`name`,`country_id`) VALUES (1832,'Mostar',132);
INSERT INTO `place` (`id`,`name`,`country_id`) VALUES (1833,'Tuzla',132);
INSERT INTO `place` (`id`,`name`,`country_id`) VALUES (1834,'Prijedor',132);
INSERT INTO `place` (`id`,`name`,`country_id`) VALUES (1835,'Brčko',132);
INSERT INTO `place` (`id`,`name`,`country_id`) VALUES (1836,'Bosanski Petrovac',132);
INSERT INTO `place` (`id`,`name`,`country_id`) VALUES (1837,'Chisinau',133);
INSERT INTO `place` (`id`,`name`,`country_id`) VALUES (1838,'Tiraspol',133);
INSERT INTO `place` (`id`,`name`,`country_id`) VALUES (1839,'Bălţi',133);
INSERT INTO `place` (`id`,`name`,`country_id`) VALUES (1840,'Cahul',133);
INSERT INTO `place` (`id`,`name`,`country_id`) VALUES (1841,'Bender',133);
INSERT INTO `place` (`id`,`name`,`country_id`) VALUES (1842,'Ialoveni',133);
INSERT INTO `place` (`id`,`name`,`country_id`) VALUES (1843,'Drochia',133);
INSERT INTO `place` (`id`,`name`,`country_id`) VALUES (1844,'Straşeni',133);
INSERT INTO `place` (`id`,`name`,`country_id`) VALUES (1845,'Anenii Noi',133);
INSERT INTO `place` (`id`,`name`,`country_id`) VALUES (1846,'Soroca',133);
INSERT INTO `place` (`id`,`name`,`country_id`) VALUES (1847,'Hînceşti',133);
INSERT INTO `place` (`id`,`name`,`country_id`) VALUES (1848,'Orhei',133);
INSERT INTO `place` (`id`,`name`,`country_id`) VALUES (1849,'Ungheni',133);
INSERT INTO `place` (`id`,`name`,`country_id`) VALUES (1850,'Cocieri',133);
INSERT INTO `place` (`id`,`name`,`country_id`) VALUES (1851,'Călăraşi',133);
INSERT INTO `place` (`id`,`name`,`country_id`) VALUES (1852,'Lilongwe',134);
INSERT INTO `place` (`id`,`name`,`country_id`) VALUES (1853,'Blantyre',134);
INSERT INTO `place` (`id`,`name`,`country_id`) VALUES (1854,'Mzuzu',134);
INSERT INTO `place` (`id`,`name`,`country_id`) VALUES (1855,'Mangochi',134);
INSERT INTO `place` (`id`,`name`,`country_id`) VALUES (1856,'Zomba',134);
INSERT INTO `place` (`id`,`name`,`country_id`) VALUES (1857,'Salima',134);
INSERT INTO `place` (`id`,`name`,`country_id`) VALUES (1858,'Nkhotakota',134);
INSERT INTO `place` (`id`,`name`,`country_id`) VALUES (1859,'Karonga',134);
INSERT INTO `place` (`id`,`name`,`country_id`) VALUES (1860,'Nkhata Bay',134);
INSERT INTO `place` (`id`,`name`,`country_id`) VALUES (1861,'Nsanje',134);
INSERT INTO `place` (`id`,`name`,`country_id`) VALUES (1862,'Mzimba',134);
INSERT INTO `place` (`id`,`name`,`country_id`) VALUES (1863,'Mchinji',134);
INSERT INTO `place` (`id`,`name`,`country_id`) VALUES (1864,'Mulanje',134);
INSERT INTO `place` (`id`,`name`,`country_id`) VALUES (1865,'Dedza',134);
INSERT INTO `place` (`id`,`name`,`country_id`) VALUES (1866,'Chitipa',134);
INSERT INTO `place` (`id`,`name`,`country_id`) VALUES (1867,'Asmara',135);
INSERT INTO `place` (`id`,`name`,`country_id`) VALUES (1868,'Mendefera',135);
INSERT INTO `place` (`id`,`name`,`country_id`) VALUES (1869,'Keren',135);
INSERT INTO `place` (`id`,`name`,`country_id`) VALUES (1870,'Massawa',135);
INSERT INTO `place` (`id`,`name`,`country_id`) VALUES (1871,'Assab',135);
INSERT INTO `place` (`id`,`name`,`country_id`) VALUES (1872,'Barentu',135);
INSERT INTO `place` (`id`,`name`,`country_id`) VALUES (1873,'Ak’ordat',135);
INSERT INTO `place` (`id`,`name`,`country_id`) VALUES (1874,'Teseney',135);
INSERT INTO `place` (`id`,`name`,`country_id`) VALUES (1875,'Port Louis',136);
INSERT INTO `place` (`id`,`name`,`country_id`) VALUES (1876,'Curepipe',136);
INSERT INTO `place` (`id`,`name`,`country_id`) VALUES (1877,'Libreville',137);
INSERT INTO `place` (`id`,`name`,`country_id`) VALUES (1878,'Port-Gentil',137);
INSERT INTO `place` (`id`,`name`,`country_id`) VALUES (1879,'Oyem',137);
INSERT INTO `place` (`id`,`name`,`country_id`) VALUES (1880,'Franceville',137);
INSERT INTO `place` (`id`,`name`,`country_id`) VALUES (1881,'Mouila',137);
INSERT INTO `place` (`id`,`name`,`country_id`) VALUES (1882,'Lambaréné',137);
INSERT INTO `place` (`id`,`name`,`country_id`) VALUES (1883,'Tchibanga',137);
INSERT INTO `place` (`id`,`name`,`country_id`) VALUES (1884,'Makokou',137);
INSERT INTO `place` (`id`,`name`,`country_id`) VALUES (1885,'Koulamoutou',137);
INSERT INTO `place` (`id`,`name`,`country_id`) VALUES (1886,'Moanda',137);
INSERT INTO `place` (`id`,`name`,`country_id`) VALUES (1887,'Bitam',137);
INSERT INTO `place` (`id`,`name`,`country_id`) VALUES (1888,'Gamba',137);
INSERT INTO `place` (`id`,`name`,`country_id`) VALUES (1889,'Okondja',137);
INSERT INTO `place` (`id`,`name`,`country_id`) VALUES (1890,'Ndendé',137);
INSERT INTO `place` (`id`,`name`,`country_id`) VALUES (1891,'Mitzic',137);
INSERT INTO `place` (`id`,`name`,`country_id`) VALUES (1892,'Manama',138);
INSERT INTO `place` (`id`,`name`,`country_id`) VALUES (1893,'Vilnius',139);
INSERT INTO `place` (`id`,`name`,`country_id`) VALUES (1894,'Kaunas',139);
INSERT INTO `place` (`id`,`name`,`country_id`) VALUES (1895,'Klaipėda',139);
INSERT INTO `place` (`id`,`name`,`country_id`) VALUES (1896,'Šiauliai',139);
INSERT INTO `place` (`id`,`name`,`country_id`) VALUES (1897,'Panevėžys',139);
INSERT INTO `place` (`id`,`name`,`country_id`) VALUES (1898,'Alytus',139);
INSERT INTO `place` (`id`,`name`,`country_id`) VALUES (1899,'Visaginas',139);
INSERT INTO `place` (`id`,`name`,`country_id`) VALUES (1900,'Palanga',139);
INSERT INTO `place` (`id`,`name`,`country_id`) VALUES (1901,'Marijampolė',139);
INSERT INTO `place` (`id`,`name`,`country_id`) VALUES (1902,'Elektrėnai',139);
INSERT INTO `place` (`id`,`name`,`country_id`) VALUES (1903,'Jonava',139);
INSERT INTO `place` (`id`,`name`,`country_id`) VALUES (1904,'Druskininkai',139);
INSERT INTO `place` (`id`,`name`,`country_id`) VALUES (1905,'Mažeikiai',139);
INSERT INTO `place` (`id`,`name`,`country_id`) VALUES (1906,'Kretinga',139);
INSERT INTO `place` (`id`,`name`,`country_id`) VALUES (1907,'Trakai',139);
INSERT INTO `place` (`id`,`name`,`country_id`) VALUES (1908,'Skopje',140);
INSERT INTO `place` (`id`,`name`,`country_id`) VALUES (1909,'Tetovo',140);
INSERT INTO `place` (`id`,`name`,`country_id`) VALUES (1910,'Bitola',140);
INSERT INTO `place` (`id`,`name`,`country_id`) VALUES (1911,'Sopište',140);
INSERT INTO `place` (`id`,`name`,`country_id`) VALUES (1912,'Kičevo',140);
INSERT INTO `place` (`id`,`name`,`country_id`) VALUES (1913,'Aračinovo',140);
INSERT INTO `place` (`id`,`name`,`country_id`) VALUES (1914,'Brvenica',140);
INSERT INTO `place` (`id`,`name`,`country_id`) VALUES (1915,'Bogovinje',140);
INSERT INTO `place` (`id`,`name`,`country_id`) VALUES (1916,'Kumanovo',140);
INSERT INTO `place` (`id`,`name`,`country_id`) VALUES (1917,'Vrapčište',140);
INSERT INTO `place` (`id`,`name`,`country_id`) VALUES (1918,'Ilinden',140);
INSERT INTO `place` (`id`,`name`,`country_id`) VALUES (1919,'Gostivar',140);
INSERT INTO `place` (`id`,`name`,`country_id`) VALUES (1920,'Strumica',140);
INSERT INTO `place` (`id`,`name`,`country_id`) VALUES (1921,'Petrovec',140);
INSERT INTO `place` (`id`,`name`,`country_id`) VALUES (1922,'Studeničani',140);
INSERT INTO `place` (`id`,`name`,`country_id`) VALUES (1923,'Bratislava',141);
INSERT INTO `place` (`id`,`name`,`country_id`) VALUES (1924,'Košice',141);
INSERT INTO `place` (`id`,`name`,`country_id`) VALUES (1925,'Prešov',141);
INSERT INTO `place` (`id`,`name`,`country_id`) VALUES (1926,'Žilina',141);
INSERT INTO `place` (`id`,`name`,`country_id`) VALUES (1927,'Banská Bystrica',141);
INSERT INTO `place` (`id`,`name`,`country_id`) VALUES (1928,'Trnava',141);
INSERT INTO `place` (`id`,`name`,`country_id`) VALUES (1929,'Nitra',141);
INSERT INTO `place` (`id`,`name`,`country_id`) VALUES (1930,'Trenčín',141);
INSERT INTO `place` (`id`,`name`,`country_id`) VALUES (1931,'Zvolen',141);
INSERT INTO `place` (`id`,`name`,`country_id`) VALUES (1932,'Bissau',142);
INSERT INTO `place` (`id`,`name`,`country_id`) VALUES (1933,'Bafatá',142);
INSERT INTO `place` (`id`,`name`,`country_id`) VALUES (1934,'Gabú',142);
INSERT INTO `place` (`id`,`name`,`country_id`) VALUES (1935,'Bolama',142);
INSERT INTO `place` (`id`,`name`,`country_id`) VALUES (1936,'Cacheu',142);
INSERT INTO `place` (`id`,`name`,`country_id`) VALUES (1937,'Catió',142);
INSERT INTO `place` (`id`,`name`,`country_id`) VALUES (1938,'Farim',142);
INSERT INTO `place` (`id`,`name`,`country_id`) VALUES (1939,'Quinhámel',142);
INSERT INTO `place` (`id`,`name`,`country_id`) VALUES (1940,'Buba',142);
INSERT INTO `place` (`id`,`name`,`country_id`) VALUES (1941,'Fulacunda',142);
INSERT INTO `place` (`id`,`name`,`country_id`) VALUES (1942,'Tallinn',143);
INSERT INTO `place` (`id`,`name`,`country_id`) VALUES (1943,'Tartu',143);
INSERT INTO `place` (`id`,`name`,`country_id`) VALUES (1944,'Pärnu',143);
INSERT INTO `place` (`id`,`name`,`country_id`) VALUES (1945,'Viljandi',143);
INSERT INTO `place` (`id`,`name`,`country_id`) VALUES (1946,'Haapsalu',143);
INSERT INTO `place` (`id`,`name`,`country_id`) VALUES (1947,'Rapla',143);
INSERT INTO `place` (`id`,`name`,`country_id`) VALUES (1948,'Rakvere',143);
INSERT INTO `place` (`id`,`name`,`country_id`) VALUES (1949,'Jõgeva',143);
INSERT INTO `place` (`id`,`name`,`country_id`) VALUES (1950,'Kuressaare',143);
INSERT INTO `place` (`id`,`name`,`country_id`) VALUES (1951,'Võru',143);
INSERT INTO `place` (`id`,`name`,`country_id`) VALUES (1952,'Põlva',143);
INSERT INTO `place` (`id`,`name`,`country_id`) VALUES (1953,'Paide',143);
INSERT INTO `place` (`id`,`name`,`country_id`) VALUES (1954,'Kärdla',143);
INSERT INTO `place` (`id`,`name`,`country_id`) VALUES (1955,'Valga',143);
INSERT INTO `place` (`id`,`name`,`country_id`) VALUES (1956,'Jõhvi',143);
INSERT INTO `place` (`id`,`name`,`country_id`) VALUES (1957,'Valletta',144);
INSERT INTO `place` (`id`,`name`,`country_id`) VALUES (1958,'Sliema',144);
INSERT INTO `place` (`id`,`name`,`country_id`) VALUES (1959,'Fgura',144);
INSERT INTO `place` (`id`,`name`,`country_id`) VALUES (1960,'Birkirkara',144);
INSERT INTO `place` (`id`,`name`,`country_id`) VALUES (1961,'Ħamrun',144);
INSERT INTO `place` (`id`,`name`,`country_id`) VALUES (1962,'Senglea',144);
INSERT INTO `place` (`id`,`name`,`country_id`) VALUES (1963,'Tarxien',144);
INSERT INTO `place` (`id`,`name`,`country_id`) VALUES (1964,'Floriana',144);
INSERT INTO `place` (`id`,`name`,`country_id`) VALUES (1965,'Imsida',144);
INSERT INTO `place` (`id`,`name`,`country_id`) VALUES (1966,'Santa Venera',144);
INSERT INTO `place` (`id`,`name`,`country_id`) VALUES (1967,'Pietà',144);
INSERT INTO `place` (`id`,`name`,`country_id`) VALUES (1968,'Ta’ Xbiex',144);
INSERT INTO `place` (`id`,`name`,`country_id`) VALUES (1969,'Gżira',144);
INSERT INTO `place` (`id`,`name`,`country_id`) VALUES (1970,'San Ġwann',144);
INSERT INTO `place` (`id`,`name`,`country_id`) VALUES (1971,'San Ġiljan',144);
INSERT INTO `place` (`id`,`name`,`country_id`) VALUES (1972,'Maseru',145);
INSERT INTO `place` (`id`,`name`,`country_id`) VALUES (1973,'Mafeteng',145);
INSERT INTO `place` (`id`,`name`,`country_id`) VALUES (1974,'Leribe',145);
INSERT INTO `place` (`id`,`name`,`country_id`) VALUES (1975,'Mohale’s Hoek',145);
INSERT INTO `place` (`id`,`name`,`country_id`) VALUES (1976,'Quthing',145);
INSERT INTO `place` (`id`,`name`,`country_id`) VALUES (1977,'Butha-Buthe',145);
INSERT INTO `place` (`id`,`name`,`country_id`) VALUES (1978,'Mokhotlong',145);
INSERT INTO `place` (`id`,`name`,`country_id`) VALUES (1979,'Teyateyaneng',145);
INSERT INTO `place` (`id`,`name`,`country_id`) VALUES (1980,'Qacha’s Nek',145);
INSERT INTO `place` (`id`,`name`,`country_id`) VALUES (1981,'Thaba-Tseka',145);
INSERT INTO `place` (`id`,`name`,`country_id`) VALUES (1982,'Bujumbura',146);
INSERT INTO `place` (`id`,`name`,`country_id`) VALUES (1983,'Gitega',146);
INSERT INTO `place` (`id`,`name`,`country_id`) VALUES (1984,'Muyinga',146);
INSERT INTO `place` (`id`,`name`,`country_id`) VALUES (1985,'Ruyigi',146);
INSERT INTO `place` (`id`,`name`,`country_id`) VALUES (1986,'Ngozi',146);
INSERT INTO `place` (`id`,`name`,`country_id`) VALUES (1987,'Rutana',146);
INSERT INTO `place` (`id`,`name`,`country_id`) VALUES (1988,'Bururi',146);
INSERT INTO `place` (`id`,`name`,`country_id`) VALUES (1989,'Makamba',146);
INSERT INTO `place` (`id`,`name`,`country_id`) VALUES (1990,'Kayanza',146);
INSERT INTO `place` (`id`,`name`,`country_id`) VALUES (1991,'Muramvya',146);
INSERT INTO `place` (`id`,`name`,`country_id`) VALUES (1992,'Bubanza',146);
INSERT INTO `place` (`id`,`name`,`country_id`) VALUES (1993,'Karuzi',146);
INSERT INTO `place` (`id`,`name`,`country_id`) VALUES (1994,'Cankuzo',146);
INSERT INTO `place` (`id`,`name`,`country_id`) VALUES (1995,'Kirundo',146);
INSERT INTO `place` (`id`,`name`,`country_id`) VALUES (1996,'Isale',146);
INSERT INTO `place` (`id`,`name`,`country_id`) VALUES (1997,'Ljubljana',147);
INSERT INTO `place` (`id`,`name`,`country_id`) VALUES (1998,'Maribor',147);
INSERT INTO `place` (`id`,`name`,`country_id`) VALUES (1999,'Piran',147);
INSERT INTO `place` (`id`,`name`,`country_id`) VALUES (2000,'Koper',147);
INSERT INTO `place` (`id`,`name`,`country_id`) VALUES (2001,'Škofja Loka',147);
INSERT INTO `place` (`id`,`name`,`country_id`) VALUES (2002,'Domžale',147);
INSERT INTO `place` (`id`,`name`,`country_id`) VALUES (2003,'Ravne na Koroškem',147);
INSERT INTO `place` (`id`,`name`,`country_id`) VALUES (2004,'Izola',147);
INSERT INTO `place` (`id`,`name`,`country_id`) VALUES (2005,'Velenje',147);
INSERT INTO `place` (`id`,`name`,`country_id`) VALUES (2006,'Slovenske Konjice',147);
INSERT INTO `place` (`id`,`name`,`country_id`) VALUES (2007,'Mežica',147);
INSERT INTO `place` (`id`,`name`,`country_id`) VALUES (2008,'Celje',147);
INSERT INTO `place` (`id`,`name`,`country_id`) VALUES (2009,'Kamnik',147);
INSERT INTO `place` (`id`,`name`,`country_id`) VALUES (2010,'Radlje ob Dravi',147);
INSERT INTO `place` (`id`,`name`,`country_id`) VALUES (2011,'Kranj',147);
INSERT INTO `place` (`id`,`name`,`country_id`) VALUES (2012,'Bandar Seri Begawan',148);
INSERT INTO `place` (`id`,`name`,`country_id`) VALUES (2013,'Kuala Belait',148);
INSERT INTO `place` (`id`,`name`,`country_id`) VALUES (2014,'Tutong',148);
INSERT INTO `place` (`id`,`name`,`country_id`) VALUES (2015,'Bangar',148);
INSERT INTO `place` (`id`,`name`,`country_id`) VALUES (2016,'Port of Spain',149);
INSERT INTO `place` (`id`,`name`,`country_id`) VALUES (2017,'San Fernando',149);
INSERT INTO `place` (`id`,`name`,`country_id`) VALUES (2018,'Arima',149);
INSERT INTO `place` (`id`,`name`,`country_id`) VALUES (2019,'Chaguanas',149);
INSERT INTO `place` (`id`,`name`,`country_id`) VALUES (2020,'Scarborough',149);
INSERT INTO `place` (`id`,`name`,`country_id`) VALUES (2021,'Diego Martin',149);
INSERT INTO `place` (`id`,`name`,`country_id`) VALUES (2022,'Point Fortin',149);
INSERT INTO `place` (`id`,`name`,`country_id`) VALUES (2023,'Aranguez',149);
INSERT INTO `place` (`id`,`name`,`country_id`) VALUES (2024,'Tunapuna',149);
INSERT INTO `place` (`id`,`name`,`country_id`) VALUES (2025,'Debe',149);
INSERT INTO `place` (`id`,`name`,`country_id`) VALUES (2026,'Couva',149);
INSERT INTO `place` (`id`,`name`,`country_id`) VALUES (2027,'Siparia',149);
INSERT INTO `place` (`id`,`name`,`country_id`) VALUES (2028,'Princes Town',149);
INSERT INTO `place` (`id`,`name`,`country_id`) VALUES (2029,'Sangre Grande',149);
INSERT INTO `place` (`id`,`name`,`country_id`) VALUES (2030,'Rio Claro',149);
INSERT INTO `place` (`id`,`name`,`country_id`) VALUES (2031,'Port Moresby',150);
INSERT INTO `place` (`id`,`name`,`country_id`) VALUES (2032,'Lae',150);
INSERT INTO `place` (`id`,`name`,`country_id`) VALUES (2033,'Madang',150);
INSERT INTO `place` (`id`,`name`,`country_id`) VALUES (2034,'Mount Hagen',150);
INSERT INTO `place` (`id`,`name`,`country_id`) VALUES (2035,'Goroka',150);
INSERT INTO `place` (`id`,`name`,`country_id`) VALUES (2036,'Popondetta',150);
INSERT INTO `place` (`id`,`name`,`country_id`) VALUES (2037,'Mendi',150);
INSERT INTO `place` (`id`,`name`,`country_id`) VALUES (2038,'Wewak',150);
INSERT INTO `place` (`id`,`name`,`country_id`) VALUES (2039,'Kavieng',150);
INSERT INTO `place` (`id`,`name`,`country_id`) VALUES (2040,'Kimbe',150);
INSERT INTO `place` (`id`,`name`,`country_id`) VALUES (2041,'Daru',150);
INSERT INTO `place` (`id`,`name`,`country_id`) VALUES (2042,'Alotau',150);
INSERT INTO `place` (`id`,`name`,`country_id`) VALUES (2043,'Vanimo',150);
INSERT INTO `place` (`id`,`name`,`country_id`) VALUES (2044,'Kundiawa',150);
INSERT INTO `place` (`id`,`name`,`country_id`) VALUES (2045,'Lorengau',150);
INSERT INTO `place` (`id`,`name`,`country_id`) VALUES (2046,'Windhoek',151);
INSERT INTO `place` (`id`,`name`,`country_id`) VALUES (2047,'Rundu',151);
INSERT INTO `place` (`id`,`name`,`country_id`) VALUES (2048,'Swakopmund',151);
INSERT INTO `place` (`id`,`name`,`country_id`) VALUES (2049,'Rehoboth',151);
INSERT INTO `place` (`id`,`name`,`country_id`) VALUES (2050,'Katima Mulilo',151);
INSERT INTO `place` (`id`,`name`,`country_id`) VALUES (2051,'Otjiwarongo',151);
INSERT INTO `place` (`id`,`name`,`country_id`) VALUES (2052,'Keetmanshoop',151);
INSERT INTO `place` (`id`,`name`,`country_id`) VALUES (2053,'Gobabis',151);
INSERT INTO `place` (`id`,`name`,`country_id`) VALUES (2054,'Lüderitz',151);
INSERT INTO `place` (`id`,`name`,`country_id`) VALUES (2055,'Mariental',151);
INSERT INTO `place` (`id`,`name`,`country_id`) VALUES (2056,'Oshikango',151);
INSERT INTO `place` (`id`,`name`,`country_id`) VALUES (2057,'Opuwo',151);
INSERT INTO `place` (`id`,`name`,`country_id`) VALUES (2058,'Oshakati',151);
INSERT INTO `place` (`id`,`name`,`country_id`) VALUES (2059,'Outapi',151);
INSERT INTO `place` (`id`,`name`,`country_id`) VALUES (2060,'Omuthiya',151);
INSERT INTO `place` (`id`,`name`,`country_id`) VALUES (2061,'Georgetown',152);
INSERT INTO `place` (`id`,`name`,`country_id`) VALUES (2062,'New Amsterdam',152);
INSERT INTO `place` (`id`,`name`,`country_id`) VALUES (2063,'Linden',152);
INSERT INTO `place` (`id`,`name`,`country_id`) VALUES (2064,'Bartica',152);
INSERT INTO `place` (`id`,`name`,`country_id`) VALUES (2065,'Mabaruma',152);
INSERT INTO `place` (`id`,`name`,`country_id`) VALUES (2066,'Lethem',152);
INSERT INTO `place` (`id`,`name`,`country_id`) VALUES (2067,'Vreed-en-Hoop',152);
INSERT INTO `place` (`id`,`name`,`country_id`) VALUES (2068,'Anna Regina',152);
INSERT INTO `place` (`id`,`name`,`country_id`) VALUES (2069,'Fort Wellington',152);
INSERT INTO `place` (`id`,`name`,`country_id`) VALUES (2070,'Mahdia',152);
INSERT INTO `place` (`id`,`name`,`country_id`) VALUES (2071,'Princetown',152);
INSERT INTO `place` (`id`,`name`,`country_id`) VALUES (2072,'Anna Regina',152);
INSERT INTO `place` (`id`,`name`,`country_id`) VALUES (2073,'Ituni',152);
INSERT INTO `place` (`id`,`name`,`country_id`) VALUES (2074,'Paramaribo',153);
INSERT INTO `place` (`id`,`name`,`country_id`) VALUES (2075,'Nieuw Nickerie',153);
INSERT INTO `place` (`id`,`name`,`country_id`) VALUES (2076,'Brokopondo',153);
INSERT INTO `place` (`id`,`name`,`country_id`) VALUES (2077,'Nieuw Amsterdam',153);
INSERT INTO `place` (`id`,`name`,`country_id`) VALUES (2078,'Groningen',153);
INSERT INTO `place` (`id`,`name`,`country_id`) VALUES (2079,'Onverwacht',153);
INSERT INTO `place` (`id`,`name`,`country_id`) VALUES (2080,'Totness',153);
INSERT INTO `place` (`id`,`name`,`country_id`) VALUES (2081,'Lelydorp',153);
INSERT INTO `place` (`id`,`name`,`country_id`) VALUES (2082,'Albina',153);
INSERT INTO `place` (`id`,`name`,`country_id`) VALUES (2083,'Cottica',153);
INSERT INTO `place` (`id`,`name`,`country_id`) VALUES (2084,'Moengo',153);
INSERT INTO `place` (`id`,`name`,`country_id`) VALUES (2085,'Brownsweg',153);
INSERT INTO `place` (`id`,`name`,`country_id`) VALUES (2086,'Dili',154);
INSERT INTO `place` (`id`,`name`,`country_id`) VALUES (2087,'Baucau',154);
INSERT INTO `place` (`id`,`name`,`country_id`) VALUES (2088,'Gleno',154);
INSERT INTO `place` (`id`,`name`,`country_id`) VALUES (2089,'Maliana',154);
INSERT INTO `place` (`id`,`name`,`country_id`) VALUES (2090,'Liquiçá',154);
INSERT INTO `place` (`id`,`name`,`country_id`) VALUES (2091,'Manatuto',154);
INSERT INTO `place` (`id`,`name`,`country_id`) VALUES (2092,'Aileu',154);
INSERT INTO `place` (`id`,`name`,`country_id`) VALUES (2093,'Ainaro',154);
INSERT INTO `place` (`id`,`name`,`country_id`) VALUES (2094,'Pante Macassar',154);
INSERT INTO `place` (`id`,`name`,`country_id`) VALUES (2095,'Suai',154);
INSERT INTO `place` (`id`,`name`,`country_id`) VALUES (2096,'Lospalos',154);
INSERT INTO `place` (`id`,`name`,`country_id`) VALUES (2097,'Same',154);
INSERT INTO `place` (`id`,`name`,`country_id`) VALUES (2098,'Viqueque',154);
INSERT INTO `place` (`id`,`name`,`country_id`) VALUES (2099,'Nassau',155);
INSERT INTO `place` (`id`,`name`,`country_id`) VALUES (2100,'Freeport City',155);
INSERT INTO `place` (`id`,`name`,`country_id`) VALUES (2101,'Nicosia',156);
INSERT INTO `place` (`id`,`name`,`country_id`) VALUES (2102,'Limassol',156);
INSERT INTO `place` (`id`,`name`,`country_id`) VALUES (2103,'Larnaca',156);
INSERT INTO `place` (`id`,`name`,`country_id`) VALUES (2104,'Paphos',156);
INSERT INTO `place` (`id`,`name`,`country_id`) VALUES (2105,'Famagusta',156);
INSERT INTO `place` (`id`,`name`,`country_id`) VALUES (2106,'Kyrenia',156);
INSERT INTO `place` (`id`,`name`,`country_id`) VALUES (2107,'Colombo',157);
INSERT INTO `place` (`id`,`name`,`country_id`) VALUES (2108,'Sri Jayewardenepura Kotte',157);
INSERT INTO `place` (`id`,`name`,`country_id`) VALUES (2109,'Jaffna',157);
INSERT INTO `place` (`id`,`name`,`country_id`) VALUES (2110,'Moratuwa',157);
INSERT INTO `place` (`id`,`name`,`country_id`) VALUES (2111,'Batticaloa',157);
INSERT INTO `place` (`id`,`name`,`country_id`) VALUES (2112,'Anuradhapura',157);
INSERT INTO `place` (`id`,`name`,`country_id`) VALUES (2113,'Kandy',157);
INSERT INTO `place` (`id`,`name`,`country_id`) VALUES (2114,'Trincomalee',157);
INSERT INTO `place` (`id`,`name`,`country_id`) VALUES (2115,'Kilinochchi',157);
INSERT INTO `place` (`id`,`name`,`country_id`) VALUES (2116,'Galle',157);
INSERT INTO `place` (`id`,`name`,`country_id`) VALUES (2117,'Matara',157);
INSERT INTO `place` (`id`,`name`,`country_id`) VALUES (2118,'Ratnapura',157);
INSERT INTO `place` (`id`,`name`,`country_id`) VALUES (2119,'Badulla',157);
INSERT INTO `place` (`id`,`name`,`country_id`) VALUES (2120,'Puttalam',157);
INSERT INTO `place` (`id`,`name`,`country_id`) VALUES (2121,'Kurunegala',157);
INSERT INTO `place` (`id`,`name`,`country_id`) VALUES (2122,'Gaborone',158);
INSERT INTO `place` (`id`,`name`,`country_id`) VALUES (2123,'Francistown',158);
INSERT INTO `place` (`id`,`name`,`country_id`) VALUES (2124,'Lobatse',158);
INSERT INTO `place` (`id`,`name`,`country_id`) VALUES (2125,'Molepolole',158);
INSERT INTO `place` (`id`,`name`,`country_id`) VALUES (2126,'Maun',158);
INSERT INTO `place` (`id`,`name`,`country_id`) VALUES (2127,'Serowe',158);
INSERT INTO `place` (`id`,`name`,`country_id`) VALUES (2128,'Kanye',158);
INSERT INTO `place` (`id`,`name`,`country_id`) VALUES (2129,'Mochudi',158);
INSERT INTO `place` (`id`,`name`,`country_id`) VALUES (2130,'Tshabong',158);
INSERT INTO `place` (`id`,`name`,`country_id`) VALUES (2131,'Kasane',158);
INSERT INTO `place` (`id`,`name`,`country_id`) VALUES (2132,'Ghanzi',158);
INSERT INTO `place` (`id`,`name`,`country_id`) VALUES (2133,'Selibe Phikwe',158);
INSERT INTO `place` (`id`,`name`,`country_id`) VALUES (2134,'Ramotswa',158);
INSERT INTO `place` (`id`,`name`,`country_id`) VALUES (2135,'Masunga',158);
INSERT INTO `place` (`id`,`name`,`country_id`) VALUES (2136,'Sowa Town',158);
INSERT INTO `place` (`id`,`name`,`country_id`) VALUES (2137,'Bridgetown',159);
INSERT INTO `place` (`id`,`name`,`country_id`) VALUES (2138,'Suva',160);
INSERT INTO `place` (`id`,`name`,`country_id`) VALUES (2139,'Lautoka',160);
INSERT INTO `place` (`id`,`name`,`country_id`) VALUES (2140,'Nadi',160);
INSERT INTO `place` (`id`,`name`,`country_id`) VALUES (2141,'Labasa',160);
INSERT INTO `place` (`id`,`name`,`country_id`) VALUES (2142,'Reykjavík',161);
INSERT INTO `place` (`id`,`name`,`country_id`) VALUES (2143,'Akureyri',161);
INSERT INTO `place` (`id`,`name`,`country_id`) VALUES (2144,'Keflavík',161);
INSERT INTO `place` (`id`,`name`,`country_id`) VALUES (2145,'Selfoss',161);
INSERT INTO `place` (`id`,`name`,`country_id`) VALUES (2146,'Sauðárkrókur',161);
INSERT INTO `place` (`id`,`name`,`country_id`) VALUES (2147,'Ísafjörður',161);
INSERT INTO `place` (`id`,`name`,`country_id`) VALUES (2148,'Egilsstaðir',161);
INSERT INTO `place` (`id`,`name`,`country_id`) VALUES (2149,'Borgarnes',161);
INSERT INTO `place` (`id`,`name`,`country_id`) VALUES (2150,'Höfn',161);
INSERT INTO `place` (`id`,`name`,`country_id`) VALUES (2151,'Malabo',162);
INSERT INTO `place` (`id`,`name`,`country_id`) VALUES (2152,'Bata',162);
INSERT INTO `place` (`id`,`name`,`country_id`) VALUES (2153,'Luba',162);
INSERT INTO `place` (`id`,`name`,`country_id`) VALUES (2154,'Evinayong',162);
INSERT INTO `place` (`id`,`name`,`country_id`) VALUES (2155,'Mongomo',162);
INSERT INTO `place` (`id`,`name`,`country_id`) VALUES (2156,'Palé',162);
INSERT INTO `place` (`id`,`name`,`country_id`) VALUES (2157,'Ebebiyín',162);
INSERT INTO `place` (`id`,`name`,`country_id`) VALUES (2158,'Calatrava',162);
INSERT INTO `place` (`id`,`name`,`country_id`) VALUES (2159,'Willemstad',163);
INSERT INTO `place` (`id`,`name`,`country_id`) VALUES (2160,'Podgorica',164);
INSERT INTO `place` (`id`,`name`,`country_id`) VALUES (2161,'Tivat',164);
INSERT INTO `place` (`id`,`name`,`country_id`) VALUES (2162,'Budva',164);
INSERT INTO `place` (`id`,`name`,`country_id`) VALUES (2163,'Tuzi',164);
INSERT INTO `place` (`id`,`name`,`country_id`) VALUES (2164,'Herceg-Novi',164);
INSERT INTO `place` (`id`,`name`,`country_id`) VALUES (2165,'Bar',164);
INSERT INTO `place` (`id`,`name`,`country_id`) VALUES (2166,'Kotor',164);
INSERT INTO `place` (`id`,`name`,`country_id`) VALUES (2167,'Ulcinj',164);
INSERT INTO `place` (`id`,`name`,`country_id`) VALUES (2168,'Rožaje',164);
INSERT INTO `place` (`id`,`name`,`country_id`) VALUES (2169,'Bijelo Polje',164);
INSERT INTO `place` (`id`,`name`,`country_id`) VALUES (2170,'Berane',164);
INSERT INTO `place` (`id`,`name`,`country_id`) VALUES (2171,'Petnjica',164);
INSERT INTO `place` (`id`,`name`,`country_id`) VALUES (2172,'Danilovgrad',164);
INSERT INTO `place` (`id`,`name`,`country_id`) VALUES (2173,'Nikšić',164);
INSERT INTO `place` (`id`,`name`,`country_id`) VALUES (2174,'Plav',164);
INSERT INTO `place` (`id`,`name`,`country_id`) VALUES (2175,'Moroni',165);
INSERT INTO `place` (`id`,`name`,`country_id`) VALUES (2176,'Fomboni',165);
INSERT INTO `place` (`id`,`name`,`country_id`) VALUES (2177,'Mutsamudu',165);
INSERT INTO `place` (`id`,`name`,`country_id`) VALUES (2178,'Praia',166);
INSERT INTO `place` (`id`,`name`,`country_id`) VALUES (2179,'Mindelo',166);
INSERT INTO `place` (`id`,`name`,`country_id`) VALUES (2180,'Picos',166);
INSERT INTO `place` (`id`,`name`,`country_id`) VALUES (2181,'Ponta do Sol',166);
INSERT INTO `place` (`id`,`name`,`country_id`) VALUES (2182,'Ribeira Grande',166);
INSERT INTO `place` (`id`,`name`,`country_id`) VALUES (2183,'Tarrafal',166);
INSERT INTO `place` (`id`,`name`,`country_id`) VALUES (2184,'Pombas',166);
INSERT INTO `place` (`id`,`name`,`country_id`) VALUES (2185,'Tarrafal',166);
INSERT INTO `place` (`id`,`name`,`country_id`) VALUES (2186,'João Teves',166);
INSERT INTO `place` (`id`,`name`,`country_id`) VALUES (2187,'Calheta de São Miguel',166);
INSERT INTO `place` (`id`,`name`,`country_id`) VALUES (2188,'São Domingos',166);
INSERT INTO `place` (`id`,`name`,`country_id`) VALUES (2189,'Igreja',166);
INSERT INTO `place` (`id`,`name`,`country_id`) VALUES (2190,'Nova Sintra',166);
INSERT INTO `place` (`id`,`name`,`country_id`) VALUES (2191,'Assomada',166);
INSERT INTO `place` (`id`,`name`,`country_id`) VALUES (2192,'Pedra Badejo',166);
INSERT INTO `place` (`id`,`name`,`country_id`) VALUES (2193,'Male',167);
INSERT INTO `place` (`id`,`name`,`country_id`) VALUES (2194,'Un’goofaaru',167);
INSERT INTO `place` (`id`,`name`,`country_id`) VALUES (2195,'Naifaru',167);
INSERT INTO `place` (`id`,`name`,`country_id`) VALUES (2196,'Mahibadhoo',167);
INSERT INTO `place` (`id`,`name`,`country_id`) VALUES (2197,'Eydhafushi',167);
INSERT INTO `place` (`id`,`name`,`country_id`) VALUES (2198,'Thinadhoo',167);
INSERT INTO `place` (`id`,`name`,`country_id`) VALUES (2199,'Funadhoo',167);
INSERT INTO `place` (`id`,`name`,`country_id`) VALUES (2200,'Kulhudhuffushi',167);
INSERT INTO `place` (`id`,`name`,`country_id`) VALUES (2201,'Dhihdhoo',167);
INSERT INTO `place` (`id`,`name`,`country_id`) VALUES (2202,'Kudahuvadhoo',167);
INSERT INTO `place` (`id`,`name`,`country_id`) VALUES (2203,'Rasdhoo',167);
INSERT INTO `place` (`id`,`name`,`country_id`) VALUES (2204,'Thulusdhoo',167);
INSERT INTO `place` (`id`,`name`,`country_id`) VALUES (2205,'Viligili',167);
INSERT INTO `place` (`id`,`name`,`country_id`) VALUES (2206,'Hithadhoo',167);
INSERT INTO `place` (`id`,`name`,`country_id`) VALUES (2207,'Veymandoo',167);
INSERT INTO `place` (`id`,`name`,`country_id`) VALUES (2208,'Juba',168);
INSERT INTO `place` (`id`,`name`,`country_id`) VALUES (2209,'Yei',168);
INSERT INTO `place` (`id`,`name`,`country_id`) VALUES (2210,'Malakal',168);
INSERT INTO `place` (`id`,`name`,`country_id`) VALUES (2211,'Wau',168);
INSERT INTO `place` (`id`,`name`,`country_id`) VALUES (2212,'Aweil',168);
INSERT INTO `place` (`id`,`name`,`country_id`) VALUES (2213,'Yambio',168);
INSERT INTO `place` (`id`,`name`,`country_id`) VALUES (2214,'Rumbek',168);
INSERT INTO `place` (`id`,`name`,`country_id`) VALUES (2215,'Bor',168);
INSERT INTO `place` (`id`,`name`,`country_id`) VALUES (2216,'Bentiu',168);
INSERT INTO `place` (`id`,`name`,`country_id`) VALUES (2217,'Kuacjok',168);
INSERT INTO `place` (`id`,`name`,`country_id`) VALUES (2218,'Torit',168);
INSERT INTO `place` (`id`,`name`,`country_id`) VALUES (2219,'Gogrial',168);
INSERT INTO `place` (`id`,`name`,`country_id`) VALUES (2220,'Maridi',168);
INSERT INTO `place` (`id`,`name`,`country_id`) VALUES (2221,'Kapoeta',168);
INSERT INTO `place` (`id`,`name`,`country_id`) VALUES (2222,'Melut',168);
INSERT INTO `place` (`id`,`name`,`country_id`) VALUES (2223,'Luxembourg',169);
INSERT INTO `place` (`id`,`name`,`country_id`) VALUES (2224,'Diekirch',169);
INSERT INTO `place` (`id`,`name`,`country_id`) VALUES (2225,'Grevenmacher',169);
INSERT INTO `place` (`id`,`name`,`country_id`) VALUES (2226,'Esch-sur-Alzette',169);
INSERT INTO `place` (`id`,`name`,`country_id`) VALUES (2227,'Remich',169);
INSERT INTO `place` (`id`,`name`,`country_id`) VALUES (2228,'Capellen',169);
INSERT INTO `place` (`id`,`name`,`country_id`) VALUES (2229,'Wiltz',169);
INSERT INTO `place` (`id`,`name`,`country_id`) VALUES (2230,'Echternach',169);
INSERT INTO `place` (`id`,`name`,`country_id`) VALUES (2231,'Vianden',169);
INSERT INTO `place` (`id`,`name`,`country_id`) VALUES (2232,'Mersch',169);
INSERT INTO `place` (`id`,`name`,`country_id`) VALUES (2233,'Clervaux',169);
INSERT INTO `place` (`id`,`name`,`country_id`) VALUES (2234,'Redange-sur-Attert',169);
INSERT INTO `place` (`id`,`name`,`country_id`) VALUES (2235,'Thimphu',170);
INSERT INTO `place` (`id`,`name`,`country_id`) VALUES (2236,'Paro',170);
INSERT INTO `place` (`id`,`name`,`country_id`) VALUES (2237,'Wangdue Phodrang',170);
INSERT INTO `place` (`id`,`name`,`country_id`) VALUES (2238,'Punakha',170);
INSERT INTO `place` (`id`,`name`,`country_id`) VALUES (2239,'Tsirang',170);
INSERT INTO `place` (`id`,`name`,`country_id`) VALUES (2240,'Mongar',170);
INSERT INTO `place` (`id`,`name`,`country_id`) VALUES (2241,'Haa',170);
INSERT INTO `place` (`id`,`name`,`country_id`) VALUES (2242,'Samdrup Jongkhar',170);
INSERT INTO `place` (`id`,`name`,`country_id`) VALUES (2243,'Sarpang',170);
INSERT INTO `place` (`id`,`name`,`country_id`) VALUES (2244,'Trashigang',170);
INSERT INTO `place` (`id`,`name`,`country_id`) VALUES (2245,'Pemagatshel',170);
INSERT INTO `place` (`id`,`name`,`country_id`) VALUES (2246,'Tsimasham',170);
INSERT INTO `place` (`id`,`name`,`country_id`) VALUES (2247,'Samtse',170);
INSERT INTO `place` (`id`,`name`,`country_id`) VALUES (2248,'Trashi Yangtse',170);
INSERT INTO `place` (`id`,`name`,`country_id`) VALUES (2249,'Trongsa',170);
INSERT INTO `place` (`id`,`name`,`country_id`) VALUES (2250,'Mbabane',171);
INSERT INTO `place` (`id`,`name`,`country_id`) VALUES (2251,'Lobamba',171);
INSERT INTO `place` (`id`,`name`,`country_id`) VALUES (2252,'Manzini',171);
INSERT INTO `place` (`id`,`name`,`country_id`) VALUES (2253,'Siteki',171);
INSERT INTO `place` (`id`,`name`,`country_id`) VALUES (2254,'Nhlangano',171);
INSERT INTO `place` (`id`,`name`,`country_id`) VALUES (2255,'Piggs Peak',171);
INSERT INTO `place` (`id`,`name`,`country_id`) VALUES (2256,'Lavumisa',171);
INSERT INTO `place` (`id`,`name`,`country_id`) VALUES (2257,'Hlatikulu',171);
INSERT INTO `place` (`id`,`name`,`country_id`) VALUES (2258,'São Tomé',172);
INSERT INTO `place` (`id`,`name`,`country_id`) VALUES (2259,'Trindade',172);
INSERT INTO `place` (`id`,`name`,`country_id`) VALUES (2260,'Guadalupe',172);
INSERT INTO `place` (`id`,`name`,`country_id`) VALUES (2261,'Santana',172);
INSERT INTO `place` (`id`,`name`,`country_id`) VALUES (2262,'Neves',172);
INSERT INTO `place` (`id`,`name`,`country_id`) VALUES (2263,'Santo António',172);
INSERT INTO `place` (`id`,`name`,`country_id`) VALUES (2264,'São João dos Angolares',172);
INSERT INTO `place` (`id`,`name`,`country_id`) VALUES (2265,'Santo António',172);
INSERT INTO `place` (`id`,`name`,`country_id`) VALUES (2266,'Honiara',173);
INSERT INTO `place` (`id`,`name`,`country_id`) VALUES (2267,'Gizo',173);
INSERT INTO `place` (`id`,`name`,`country_id`) VALUES (2268,'Lata',173);
INSERT INTO `place` (`id`,`name`,`country_id`) VALUES (2269,'Auki',173);
INSERT INTO `place` (`id`,`name`,`country_id`) VALUES (2270,'Kirakira',173);
INSERT INTO `place` (`id`,`name`,`country_id`) VALUES (2271,'Taro',173);
INSERT INTO `place` (`id`,`name`,`country_id`) VALUES (2272,'Tulagi',173);
INSERT INTO `place` (`id`,`name`,`country_id`) VALUES (2273,'Buala',173);
INSERT INTO `place` (`id`,`name`,`country_id`) VALUES (2274,'Tigoa',173);
INSERT INTO `place` (`id`,`name`,`country_id`) VALUES (2275,'Oranjestad',174);
INSERT INTO `place` (`id`,`name`,`country_id`) VALUES (2276,'Apia',175);
INSERT INTO `place` (`id`,`name`,`country_id`) VALUES (2277,'Afega',175);
INSERT INTO `place` (`id`,`name`,`country_id`) VALUES (2278,'Leulumoega',175);
INSERT INTO `place` (`id`,`name`,`country_id`) VALUES (2279,'Mulifanua',175);
INSERT INTO `place` (`id`,`name`,`country_id`) VALUES (2280,'Lufilufi',175);
INSERT INTO `place` (`id`,`name`,`country_id`) VALUES (2281,'Safotulafai',175);
INSERT INTO `place` (`id`,`name`,`country_id`) VALUES (2282,'Samamea',175);
INSERT INTO `place` (`id`,`name`,`country_id`) VALUES (2283,'Satupa‘itea',175);
INSERT INTO `place` (`id`,`name`,`country_id`) VALUES (2284,'Asau',175);
INSERT INTO `place` (`id`,`name`,`country_id`) VALUES (2285,'Safotu',175);
INSERT INTO `place` (`id`,`name`,`country_id`) VALUES (2286,'Vailoa',175);
INSERT INTO `place` (`id`,`name`,`country_id`) VALUES (2287,'Saleaula',175);
INSERT INTO `place` (`id`,`name`,`country_id`) VALUES (2288,'Andorra la Vella',176);
INSERT INTO `place` (`id`,`name`,`country_id`) VALUES (2289,'Escaldes-Engordany',176);
INSERT INTO `place` (`id`,`name`,`country_id`) VALUES (2290,'Encamp',176);
INSERT INTO `place` (`id`,`name`,`country_id`) VALUES (2291,'La Massana',176);
INSERT INTO `place` (`id`,`name`,`country_id`) VALUES (2292,'Sant Julià de Lòria',176);
INSERT INTO `place` (`id`,`name`,`country_id`) VALUES (2293,'Ordino',176);
INSERT INTO `place` (`id`,`name`,`country_id`) VALUES (2294,'Canillo',176);
INSERT INTO `place` (`id`,`name`,`country_id`) VALUES (2295,'Kingstown',177);
INSERT INTO `place` (`id`,`name`,`country_id`) VALUES (2296,'Port-Vila',178);
INSERT INTO `place` (`id`,`name`,`country_id`) VALUES (2297,'Luganville',178);
INSERT INTO `place` (`id`,`name`,`country_id`) VALUES (2298,'Isangel',178);
INSERT INTO `place` (`id`,`name`,`country_id`) VALUES (2299,'Saratamata',178);
INSERT INTO `place` (`id`,`name`,`country_id`) VALUES (2300,'Lakatoro',178);
INSERT INTO `place` (`id`,`name`,`country_id`) VALUES (2301,'Sola',178);
INSERT INTO `place` (`id`,`name`,`country_id`) VALUES (2302,'Banjul',179);
INSERT INTO `place` (`id`,`name`,`country_id`) VALUES (2303,'Brikama',179);
INSERT INTO `place` (`id`,`name`,`country_id`) VALUES (2304,'Mansa Konko',179);
INSERT INTO `place` (`id`,`name`,`country_id`) VALUES (2305,'Basse Santa Su',179);
INSERT INTO `place` (`id`,`name`,`country_id`) VALUES (2306,'Janjanbureh',179);
INSERT INTO `place` (`id`,`name`,`country_id`) VALUES (2307,'Kerewan',179);
INSERT INTO `place` (`id`,`name`,`country_id`) VALUES (2308,'Kanifing',179);
INSERT INTO `place` (`id`,`name`,`country_id`) VALUES (2309,'Bansang',179);
INSERT INTO `place` (`id`,`name`,`country_id`) VALUES (2310,'Nuku‘alofa',180);
INSERT INTO `place` (`id`,`name`,`country_id`) VALUES (2311,'Neiafu',180);
INSERT INTO `place` (`id`,`name`,`country_id`) VALUES (2312,'Castries',181);
INSERT INTO `place` (`id`,`name`,`country_id`) VALUES (2313,'Monaco',182);
INSERT INTO `place` (`id`,`name`,`country_id`) VALUES (2314,'Vaduz',183);
INSERT INTO `place` (`id`,`name`,`country_id`) VALUES (2315,'Mauren',183);
INSERT INTO `place` (`id`,`name`,`country_id`) VALUES (2316,'Eschen',183);
INSERT INTO `place` (`id`,`name`,`country_id`) VALUES (2317,'Schellenberg',183);
INSERT INTO `place` (`id`,`name`,`country_id`) VALUES (2318,'Ruggell',183);
INSERT INTO `place` (`id`,`name`,`country_id`) VALUES (2319,'Gamprin',183);
INSERT INTO `place` (`id`,`name`,`country_id`) VALUES (2320,'Schaan',183);
INSERT INTO `place` (`id`,`name`,`country_id`) VALUES (2321,'Balzers',183);
INSERT INTO `place` (`id`,`name`,`country_id`) VALUES (2322,'Triesen',183);
INSERT INTO `place` (`id`,`name`,`country_id`) VALUES (2323,'Planken',183);
INSERT INTO `place` (`id`,`name`,`country_id`) VALUES (2324,'Triesenberg',183);
INSERT INTO `place` (`id`,`name`,`country_id`) VALUES (2325,'Saint John’s',184);
INSERT INTO `place` (`id`,`name`,`country_id`) VALUES (2326,'Saint George’s',185);
INSERT INTO `place` (`id`,`name`,`country_id`) VALUES (2327,'Victoria',186);
INSERT INTO `place` (`id`,`name`,`country_id`) VALUES (2328,'San Marino',187);
INSERT INTO `place` (`id`,`name`,`country_id`) VALUES (2329,'Serravalle',187);
INSERT INTO `place` (`id`,`name`,`country_id`) VALUES (2330,'Borgo Maggiore',187);
INSERT INTO `place` (`id`,`name`,`country_id`) VALUES (2331,'Domagnano',187);
INSERT INTO `place` (`id`,`name`,`country_id`) VALUES (2332,'Acquaviva',187);
INSERT INTO `place` (`id`,`name`,`country_id`) VALUES (2333,'Fiorentino',187);
INSERT INTO `place` (`id`,`name`,`country_id`) VALUES (2334,'Montegiardino',187);
INSERT INTO `place` (`id`,`name`,`country_id`) VALUES (2335,'Chiesanuova',187);
INSERT INTO `place` (`id`,`name`,`country_id`) VALUES (2336,'Faetano',187);
INSERT INTO `place` (`id`,`name`,`country_id`) VALUES (2337,'Tarawa',188);
INSERT INTO `place` (`id`,`name`,`country_id`) VALUES (2338,'Majuro',189);
INSERT INTO `place` (`id`,`name`,`country_id`) VALUES (2339,'Roseau',190);
INSERT INTO `place` (`id`,`name`,`country_id`) VALUES (2340,'Basseterre',191);
INSERT INTO `place` (`id`,`name`,`country_id`) VALUES (2341,'Belmopan',192);
INSERT INTO `place` (`id`,`name`,`country_id`) VALUES (2342,'Belize City',192);
INSERT INTO `place` (`id`,`name`,`country_id`) VALUES (2343,'Orange Walk',192);
INSERT INTO `place` (`id`,`name`,`country_id`) VALUES (2344,'San Ignacio',192);
INSERT INTO `place` (`id`,`name`,`country_id`) VALUES (2345,'Dangriga',192);
INSERT INTO `place` (`id`,`name`,`country_id`) VALUES (2346,'Corozal',192);
INSERT INTO `place` (`id`,`name`,`country_id`) VALUES (2347,'Punta Gorda',192);
INSERT INTO `place` (`id`,`name`,`country_id`) VALUES (2348,'Pago Pago',193);
INSERT INTO `place` (`id`,`name`,`country_id`) VALUES (2349,'Funafuti',194);
INSERT INTO `place` (`id`,`name`,`country_id`) VALUES (2350,'Palikir',195);
INSERT INTO `place` (`id`,`name`,`country_id`) VALUES (2351,'Kolonia',195);
INSERT INTO `place` (`id`,`name`,`country_id`) VALUES (2352,'Weno',195);
INSERT INTO `place` (`id`,`name`,`country_id`) VALUES (2353,'Colonia',195);
INSERT INTO `place` (`id`,`name`,`country_id`) VALUES (2354,'Tofol',195);
INSERT INTO `place` (`id`,`name`,`country_id`) VALUES (2355,'Capitol Hill',196);
INSERT INTO `place` (`id`,`name`,`country_id`) VALUES (2356,'Hagåtña',197);
INSERT INTO `place` (`id`,`name`,`country_id`) VALUES (2357,'Maina',197);
INSERT INTO `place` (`id`,`name`,`country_id`) VALUES (2358,'Al Quds',198);
INSERT INTO `place` (`id`,`name`,`country_id`) VALUES (2359,'Philipsburg',199);
INSERT INTO `place` (`id`,`name`,`country_id`) VALUES (2360,'Pristina',200);
INSERT INTO `place` (`id`,`name`,`country_id`) VALUES (2361,'Mamushë',200);
INSERT INTO `place` (`id`,`name`,`country_id`) VALUES (2362,'Novobërdë',200);
INSERT INTO `place` (`id`,`name`,`country_id`) VALUES (2363,'Graçanicë',200);
INSERT INTO `place` (`id`,`name`,`country_id`) VALUES (2364,'Ferizaj',200);
INSERT INTO `place` (`id`,`name`,`country_id`) VALUES (2365,'Prizren',200);
INSERT INTO `place` (`id`,`name`,`country_id`) VALUES (2366,'Mitrovicë',200);
INSERT INTO `place` (`id`,`name`,`country_id`) VALUES (2367,'Partesh',200);
INSERT INTO `place` (`id`,`name`,`country_id`) VALUES (2368,'Gllogovc',200);
INSERT INTO `place` (`id`,`name`,`country_id`) VALUES (2369,'Rahovec',200);
INSERT INTO `place` (`id`,`name`,`country_id`) VALUES (2370,'Fushë Kosovë',200);
INSERT INTO `place` (`id`,`name`,`country_id`) VALUES (2371,'Obiliq',200);
INSERT INTO `place` (`id`,`name`,`country_id`) VALUES (2372,'Shtime',200);
INSERT INTO `place` (`id`,`name`,`country_id`) VALUES (2373,'Vushtrri',200);
INSERT INTO `place` (`id`,`name`,`country_id`) VALUES (2374,'Malishevë',200);
INSERT INTO `place` (`id`,`name`,`country_id`) VALUES (2375,'Ngerulmud',201);
INSERT INTO `place` (`id`,`name`,`country_id`) VALUES (2376,'Koror',201);
INSERT INTO `place` (`id`,`name`,`country_id`) VALUES (2377,'Melekeok',201);
INSERT INTO `place` (`id`,`name`,`country_id`) VALUES (2378,'Macau',202);
INSERT INTO `place` (`id`,`name`,`country_id`) VALUES (2379,'San Juan',203);
INSERT INTO `place` (`id`,`name`,`country_id`) VALUES (2380,'Bayamón',203);
INSERT INTO `place` (`id`,`name`,`country_id`) VALUES (2381,'Carolina',203);
INSERT INTO `place` (`id`,`name`,`country_id`) VALUES (2382,'Ponce',203);
INSERT INTO `place` (`id`,`name`,`country_id`) VALUES (2383,'Caguas',203);
INSERT INTO `place` (`id`,`name`,`country_id`) VALUES (2384,'Guaynabo',203);
INSERT INTO `place` (`id`,`name`,`country_id`) VALUES (2385,'Trujillo Alto',203);
INSERT INTO `place` (`id`,`name`,`country_id`) VALUES (2386,'Levittown',203);
INSERT INTO `place` (`id`,`name`,`country_id`) VALUES (2387,'Cataño',203);
INSERT INTO `place` (`id`,`name`,`country_id`) VALUES (2388,'Guayama',203);
INSERT INTO `place` (`id`,`name`,`country_id`) VALUES (2389,'Yauco',203);
INSERT INTO `place` (`id`,`name`,`country_id`) VALUES (2390,'Cayey',203);
INSERT INTO `place` (`id`,`name`,`country_id`) VALUES (2391,'Manatí',203);
INSERT INTO `place` (`id`,`name`,`country_id`) VALUES (2392,'Río Grande',203);
INSERT INTO `place` (`id`,`name`,`country_id`) VALUES (2393,'Coamo',203);
INSERT INTO `place` (`id`,`name`,`country_id`) VALUES (2394,'Fort-de-France',204);
INSERT INTO `place` (`id`,`name`,`country_id`) VALUES (2395,'Saint-Denis',205);
INSERT INTO `place` (`id`,`name`,`country_id`) VALUES (2396,'Saint-Benoît',205);
INSERT INTO `place` (`id`,`name`,`country_id`) VALUES (2397,'Gibraltar',206);
INSERT INTO `place` (`id`,`name`,`country_id`) VALUES (2398,'Pointe-à-Pitre',207);
INSERT INTO `place` (`id`,`name`,`country_id`) VALUES (2399,'Basse-Terre',207);
INSERT INTO `place` (`id`,`name`,`country_id`) VALUES (2400,'Lasserre',207);
INSERT INTO `place` (`id`,`name`,`country_id`) VALUES (2401,'Papeete',208);
INSERT INTO `place` (`id`,`name`,`country_id`) VALUES (2402,'Nouméa',209);
INSERT INTO `place` (`id`,`name`,`country_id`) VALUES (2403,'Koné',209);
INSERT INTO `place` (`id`,`name`,`country_id`) VALUES (2404,'Wé',209);
INSERT INTO `place` (`id`,`name`,`country_id`) VALUES (2405,'Cayenne',210);
INSERT INTO `place` (`id`,`name`,`country_id`) VALUES (2406,'Saint-Laurent-du-Maroni',210);
INSERT INTO `place` (`id`,`name`,`country_id`) VALUES (2407,'Kourou',210);
INSERT INTO `place` (`id`,`name`,`country_id`) VALUES (2408,'Sinnamary',210);
INSERT INTO `place` (`id`,`name`,`country_id`) VALUES (2409,'Saint-Georges',210);
INSERT INTO `place` (`id`,`name`,`country_id`) VALUES (2410,'Roura',210);
INSERT INTO `place` (`id`,`name`,`country_id`) VALUES (2411,'Iracoubo',210);
INSERT INTO `place` (`id`,`name`,`country_id`) VALUES (2412,'Mamoudzou',211);
INSERT INTO `place` (`id`,`name`,`country_id`) VALUES (2413,'Sisimiut',212);
INSERT INTO `place` (`id`,`name`,`country_id`) VALUES (2414,'Ilulissat',212);
INSERT INTO `place` (`id`,`name`,`country_id`) VALUES (2415,'Qaqortoq',212);
INSERT INTO `place` (`id`,`name`,`country_id`) VALUES (2416,'Aasiaat',212);
INSERT INTO `place` (`id`,`name`,`country_id`) VALUES (2417,'Nuuk',212);
INSERT INTO `place` (`id`,`name`,`country_id`) VALUES (2418,'Uummannaq',212);
INSERT INTO `place` (`id`,`name`,`country_id`) VALUES (2419,'Kraulshavn',212);
INSERT INTO `place` (`id`,`name`,`country_id`) VALUES (2420,'Paamiut',212);
INSERT INTO `place` (`id`,`name`,`country_id`) VALUES (2421,'Tasiilaq',212);
INSERT INTO `place` (`id`,`name`,`country_id`) VALUES (2422,'Qasigiannguit',212);
INSERT INTO `place` (`id`,`name`,`country_id`) VALUES (2423,'Upernavik',212);
INSERT INTO `place` (`id`,`name`,`country_id`) VALUES (2424,'Qaanaaq',212);
INSERT INTO `place` (`id`,`name`,`country_id`) VALUES (2425,'Scoresbysund',212);
INSERT INTO `place` (`id`,`name`,`country_id`) VALUES (2426,'Kullorsuaq',212);
INSERT INTO `place` (`id`,`name`,`country_id`) VALUES (2427,'Kulusuk',212);
INSERT INTO `place` (`id`,`name`,`country_id`) VALUES (2428,'Klaksvík',213);
INSERT INTO `place` (`id`,`name`,`country_id`) VALUES (2429,'Toftir',213);
INSERT INTO `place` (`id`,`name`,`country_id`) VALUES (2430,'Saltangará',213);
INSERT INTO `place` (`id`,`name`,`country_id`) VALUES (2431,'Strendur',213);
INSERT INTO `place` (`id`,`name`,`country_id`) VALUES (2432,'Tvøroyri',213);
INSERT INTO `place` (`id`,`name`,`country_id`) VALUES (2433,'Fuglafjørður',213);
INSERT INTO `place` (`id`,`name`,`country_id`) VALUES (2434,'Vágur',213);
INSERT INTO `place` (`id`,`name`,`country_id`) VALUES (2435,'Skopun',213);
INSERT INTO `place` (`id`,`name`,`country_id`) VALUES (2436,'Norðragøta',213);
INSERT INTO `place` (`id`,`name`,`country_id`) VALUES (2437,'Sørvágur',213);
INSERT INTO `place` (`id`,`name`,`country_id`) VALUES (2438,'Hvannasund',213);
INSERT INTO `place` (`id`,`name`,`country_id`) VALUES (2439,'Eiði',213);
INSERT INTO `place` (`id`,`name`,`country_id`) VALUES (2440,'Oyrarbakki',213);
INSERT INTO `place` (`id`,`name`,`country_id`) VALUES (2441,'Vestmanna',213);
INSERT INTO `place` (`id`,`name`,`country_id`) VALUES (2442,'Porkeri',213);
INSERT INTO `place` (`id`,`name`,`country_id`) VALUES (2443,'Leava',214);
INSERT INTO `place` (`id`,`name`,`country_id`) VALUES (2444,'Georgetown',215);
INSERT INTO `place` (`id`,`name`,`country_id`) VALUES (2445,'Edinburgh of the Seven Seas',215);
INSERT INTO `place` (`id`,`name`,`country_id`) VALUES (2446,'Hamilton',216);
INSERT INTO `place` (`id`,`name`,`country_id`) VALUES (2447,'Douglas',217);
INSERT INTO `place` (`id`,`name`,`country_id`) VALUES (2448,'Islamorada',218);
INSERT INTO `place` (`id`,`name`,`country_id`) VALUES (2449,'Grand Turk',219);
INSERT INTO `place` (`id`,`name`,`country_id`) VALUES (2450,'George Town',220);
INSERT INTO `place` (`id`,`name`,`country_id`) VALUES (2451,'Avarua',221);
INSERT INTO `place` (`id`,`name`,`country_id`) VALUES (2452,'Stanley',222);
INSERT INTO `place` (`id`,`name`,`country_id`) VALUES (2453,'Grytviken',223);



INSERT INTO `address` (`id`,`number`,`street`,`place_id`) VALUES (1,'32','Danijelova',1447);
INSERT INTO `address` (`id`,`number`,`street`,`place_id`) VALUES (2,'4a','Bulevar Mihajla Pupina',1449);
INSERT INTO `address` (`id`,`number`,`street`,`place_id`) VALUES (3,'BB','Neka Ulica',1449);



INSERT INTO `user` (`dtype`,`id`,`active`,`email`,`password`,`jmbg`,`lastname`,`name`,`birthdate`,`biography`,`address_id`,`university_id`) VALUES ('Administrator',1,1,'admin@lms.com','{bcrypt}$2a$10$wSfqZa94k.RvutGtu2y/c.LiCkhl2LfS/9ZMon8B6504kIN.cpN3u',NULL,NULL,NULL,NULL,NULL,NULL,NULL);
INSERT INTO `user` (`dtype`,`id`,`active`,`email`,`password`,`jmbg`,`lastname`,`name`,`birthdate`,`biography`,`address_id`,`university_id`) VALUES ('Teacher',3,1,'milan@lms.com','{bcrypt}$2a$10$wSfqZa94k.RvutGtu2y/c.LiCkhl2LfS/9ZMon8B6504kIN.cpN3u','1234567892222','Milanovic','Milan',NULL,'Milan je rektor univerziteta',3,NULL);
INSERT INTO `user` (`dtype`,`id`,`active`,`email`,`password`,`jmbg`,`lastname`,`name`,`birthdate`,`biography`,`address_id`,`university_id`) VALUES ('Teacher',4,1,'milica@lms.com','{bcrypt}$2a$10$wSfqZa94k.RvutGtu2y/c.LiCkhl2LfS/9ZMon8B6504kIN.cpN3u','1234567893333','Milojevic','Milica',NULL,'Milica je profesor',3,NULL);
INSERT INTO `user` (`dtype`,`id`,`active`,`email`,`password`,`jmbg`,`lastname`,`name`,`birthdate`,`biography`,`address_id`,`university_id`) VALUES ('Teacher',5,1,'marko@lms.com','{bcrypt}$2a$10$wSfqZa94k.RvutGtu2y/c.LiCkhl2LfS/9ZMon8B6504kIN.cpN3u','1234567893333','Markovic','Marko',NULL,'Marko je profesor',3,NULL);
INSERT INTO `user` (`dtype`,`id`,`active`,`email`,`password`,`jmbg`,`lastname`,`name`,`birthdate`,`biography`,`address_id`,`university_id`) VALUES ('Teacher',6,1,'petar@lms.com','{bcrypt}$2a$10$wSfqZa94k.RvutGtu2y/c.LiCkhl2LfS/9ZMon8B6504kIN.cpN3u','1234567893333','Petrovic','Petar',NULL,'Petar je profesor',3,NULL);
INSERT INTO `user` (`dtype`,`id`,`active`,`email`,`password`,`jmbg`,`lastname`,`name`,`birthdate`,`biography`,`address_id`,`university_id`) VALUES ('Student',7,1,'marko.banjac@lms.com','{bcrypt}$2a$10$wSfqZa94k.RvutGtu2y/c.LiCkhl2LfS/9ZMon8B6504kIN.cpN3u','1000000000001','Banjac','Marko','1998-01-01',NULL,3,NULL);
INSERT INTO `user` (`dtype`,`id`,`active`,`email`,`password`,`jmbg`,`lastname`,`name`,`birthdate`,`biography`,`address_id`,`university_id`) VALUES ('Student',8,1,'marko.licina@lms.com','{bcrypt}$2a$10$wSfqZa94k.RvutGtu2y/c.LiCkhl2LfS/9ZMon8B6504kIN.cpN3u','1000000000001','Licina','Marko','1998-01-01',NULL,3,NULL);
INSERT INTO `user` (`dtype`,`id`,`active`,`email`,`password`,`jmbg`,`lastname`,`name`,`birthdate`,`biography`,`address_id`,`university_id`) VALUES ('Student',9,1,'marko.ulemek@lms.com','{bcrypt}$2a$10$wSfqZa94k.RvutGtu2y/c.LiCkhl2LfS/9ZMon8B6504kIN.cpN3u','1000000000001','Ulemek','Marko','1998-01-01',NULL,3,NULL);
INSERT INTO `user` (`dtype`,`id`,`active`,`email`,`password`,`jmbg`,`lastname`,`name`,`birthdate`,`biography`,`address_id`,`university_id`) VALUES ('Student',10,1,'marko.jovanovic@lms.com','{bcrypt}$2a$10$wSfqZa94k.RvutGtu2y/c.LiCkhl2LfS/9ZMon8B6504kIN.cpN3u','1000000000001','Jovanovic','Marko','1998-01-01',NULL,3,NULL);
INSERT INTO `user` (`dtype`,`id`,`active`,`email`,`password`,`jmbg`,`lastname`,`name`,`birthdate`,`biography`,`address_id`,`university_id`) VALUES ('Student',11,1,'marko.milanovic@lms.com','{bcrypt}$2a$10$wSfqZa94k.RvutGtu2y/c.LiCkhl2LfS/9ZMon8B6504kIN.cpN3u','1000000000001','Milanovic','Marko','1998-01-01',NULL,3,NULL);
INSERT INTO `user` (`dtype`,`id`,`active`,`email`,`password`,`jmbg`,`lastname`,`name`,`birthdate`,`biography`,`address_id`,`university_id`) VALUES ('Student',12,1,'marko.ivanovic@lms.com','{bcrypt}$2a$10$wSfqZa94k.RvutGtu2y/c.LiCkhl2LfS/9ZMon8B6504kIN.cpN3u','1000000000001','Ivanovic','Marko','1998-01-01',NULL,3,NULL);
INSERT INTO `user` (`dtype`,`id`,`active`,`email`,`password`,`jmbg`,`lastname`,`name`,`birthdate`,`biography`,`address_id`,`university_id`) VALUES ('Student',13,1,'marko.jokic@lms.com','{bcrypt}$2a$10$wSfqZa94k.RvutGtu2y/c.LiCkhl2LfS/9ZMon8B6504kIN.cpN3u','1000000000001','Jokic','Marko','1998-01-01',NULL,3,NULL);
INSERT INTO `user` (`dtype`,`id`,`active`,`email`,`password`,`jmbg`,`lastname`,`name`,`birthdate`,`biography`,`address_id`,`university_id`) VALUES ('Student',14,1,'milos.banjac@lms.com','{bcrypt}$2a$10$wSfqZa94k.RvutGtu2y/c.LiCkhl2LfS/9ZMon8B6504kIN.cpN3u','1000000000002','Banjac','Milos','1998-01-01',NULL,3,NULL);
INSERT INTO `user` (`dtype`,`id`,`active`,`email`,`password`,`jmbg`,`lastname`,`name`,`birthdate`,`biography`,`address_id`,`university_id`) VALUES ('Student',15,1,'milos.licina@lms.com','{bcrypt}$2a$10$wSfqZa94k.RvutGtu2y/c.LiCkhl2LfS/9ZMon8B6504kIN.cpN3u','1000000000002','Licina','Milos','1998-01-01',NULL,3,NULL);
INSERT INTO `user` (`dtype`,`id`,`active`,`email`,`password`,`jmbg`,`lastname`,`name`,`birthdate`,`biography`,`address_id`,`university_id`) VALUES ('Student',16,1,'milos.ulemek@lms.com','{bcrypt}$2a$10$wSfqZa94k.RvutGtu2y/c.LiCkhl2LfS/9ZMon8B6504kIN.cpN3u','1000000000002','Ulemek','Milos','1998-01-01',NULL,3,NULL);
INSERT INTO `user` (`dtype`,`id`,`active`,`email`,`password`,`jmbg`,`lastname`,`name`,`birthdate`,`biography`,`address_id`,`university_id`) VALUES ('Student',17,1,'milos.jovanovic@lms.com','{bcrypt}$2a$10$wSfqZa94k.RvutGtu2y/c.LiCkhl2LfS/9ZMon8B6504kIN.cpN3u','1000000000002','Jovanovic','Milos','1998-01-01',NULL,3,NULL);
INSERT INTO `user` (`dtype`,`id`,`active`,`email`,`password`,`jmbg`,`lastname`,`name`,`birthdate`,`biography`,`address_id`,`university_id`) VALUES ('Student',18,1,'milos.milanovic@lms.com','{bcrypt}$2a$10$wSfqZa94k.RvutGtu2y/c.LiCkhl2LfS/9ZMon8B6504kIN.cpN3u','1000000000002','Milanovic','Milos','1998-01-01',NULL,3,NULL);
INSERT INTO `user` (`dtype`,`id`,`active`,`email`,`password`,`jmbg`,`lastname`,`name`,`birthdate`,`biography`,`address_id`,`university_id`) VALUES ('Student',19,1,'milos.ivanovic@lms.com','{bcrypt}$2a$10$wSfqZa94k.RvutGtu2y/c.LiCkhl2LfS/9ZMon8B6504kIN.cpN3u','1000000000002','Ivanovic','Milos','1998-01-01',NULL,3,NULL);
INSERT INTO `user` (`dtype`,`id`,`active`,`email`,`password`,`jmbg`,`lastname`,`name`,`birthdate`,`biography`,`address_id`,`university_id`) VALUES ('Student',20,1,'milos.jokic@lms.com','{bcrypt}$2a$10$wSfqZa94k.RvutGtu2y/c.LiCkhl2LfS/9ZMon8B6504kIN.cpN3u','1000000000002','Jokic','Milos','1998-01-01',NULL,3,NULL);
INSERT INTO `user` (`dtype`,`id`,`active`,`email`,`password`,`jmbg`,`lastname`,`name`,`birthdate`,`biography`,`address_id`,`university_id`) VALUES ('Student',21,1,'stefan.banjac@lms.com','{bcrypt}$2a$10$wSfqZa94k.RvutGtu2y/c.LiCkhl2LfS/9ZMon8B6504kIN.cpN3u','1000000000003','Banjac','Stefan','1998-01-01',NULL,3,NULL);
INSERT INTO `user` (`dtype`,`id`,`active`,`email`,`password`,`jmbg`,`lastname`,`name`,`birthdate`,`biography`,`address_id`,`university_id`) VALUES ('Student',22,1,'stefan.licina@lms.com','{bcrypt}$2a$10$wSfqZa94k.RvutGtu2y/c.LiCkhl2LfS/9ZMon8B6504kIN.cpN3u','1000000000003','Licina','Stefan','1998-01-01',NULL,3,NULL);
INSERT INTO `user` (`dtype`,`id`,`active`,`email`,`password`,`jmbg`,`lastname`,`name`,`birthdate`,`biography`,`address_id`,`university_id`) VALUES ('Student',23,1,'stefan.ulemek@lms.com','{bcrypt}$2a$10$wSfqZa94k.RvutGtu2y/c.LiCkhl2LfS/9ZMon8B6504kIN.cpN3u','1000000000003','Ulemek','Stefan','1998-01-01',NULL,3,NULL);
INSERT INTO `user` (`dtype`,`id`,`active`,`email`,`password`,`jmbg`,`lastname`,`name`,`birthdate`,`biography`,`address_id`,`university_id`) VALUES ('Student',24,1,'stefan.jovanovic@lms.com','{bcrypt}$2a$10$wSfqZa94k.RvutGtu2y/c.LiCkhl2LfS/9ZMon8B6504kIN.cpN3u','1000000000003','Jovanovic','Stefan','1998-01-01',NULL,3,NULL);
INSERT INTO `user` (`dtype`,`id`,`active`,`email`,`password`,`jmbg`,`lastname`,`name`,`birthdate`,`biography`,`address_id`,`university_id`) VALUES ('Student',25,1,'stefan.milanovic@lms.com','{bcrypt}$2a$10$wSfqZa94k.RvutGtu2y/c.LiCkhl2LfS/9ZMon8B6504kIN.cpN3u','1000000000003','Milanovic','Stefan','1998-01-01',NULL,3,NULL);
INSERT INTO `user` (`dtype`,`id`,`active`,`email`,`password`,`jmbg`,`lastname`,`name`,`birthdate`,`biography`,`address_id`,`university_id`) VALUES ('Student',26,1,'stefan.ivanovic@lms.com','{bcrypt}$2a$10$wSfqZa94k.RvutGtu2y/c.LiCkhl2LfS/9ZMon8B6504kIN.cpN3u','1000000000003','Ivanovic','Stefan','1998-01-01',NULL,3,NULL);
INSERT INTO `user` (`dtype`,`id`,`active`,`email`,`password`,`jmbg`,`lastname`,`name`,`birthdate`,`biography`,`address_id`,`university_id`) VALUES ('Student',27,1,'stefan.jokic@lms.com','{bcrypt}$2a$10$wSfqZa94k.RvutGtu2y/c.LiCkhl2LfS/9ZMon8B6504kIN.cpN3u','1000000000003','Jokic','Stefan','1998-01-01',NULL,3,NULL);
INSERT INTO `user` (`dtype`,`id`,`active`,`email`,`password`,`jmbg`,`lastname`,`name`,`birthdate`,`biography`,`address_id`,`university_id`) VALUES ('Student',28,1,'jelena.banjac@lms.com','{bcrypt}$2a$10$wSfqZa94k.RvutGtu2y/c.LiCkhl2LfS/9ZMon8B6504kIN.cpN3u','1000000000004','Banjac','Jelena','1998-01-01',NULL,3,NULL);
INSERT INTO `user` (`dtype`,`id`,`active`,`email`,`password`,`jmbg`,`lastname`,`name`,`birthdate`,`biography`,`address_id`,`university_id`) VALUES ('Student',29,1,'jelena.licina@lms.com','{bcrypt}$2a$10$wSfqZa94k.RvutGtu2y/c.LiCkhl2LfS/9ZMon8B6504kIN.cpN3u','1000000000004','Licina','Jelena','1998-01-01',NULL,3,NULL);
INSERT INTO `user` (`dtype`,`id`,`active`,`email`,`password`,`jmbg`,`lastname`,`name`,`birthdate`,`biography`,`address_id`,`university_id`) VALUES ('Student',30,1,'jelena.ulemek@lms.com','{bcrypt}$2a$10$wSfqZa94k.RvutGtu2y/c.LiCkhl2LfS/9ZMon8B6504kIN.cpN3u','1000000000004','Ulemek','Jelena','1998-01-01',NULL,3,NULL);
INSERT INTO `user` (`dtype`,`id`,`active`,`email`,`password`,`jmbg`,`lastname`,`name`,`birthdate`,`biography`,`address_id`,`university_id`) VALUES ('Student',31,1,'jelena.jovanovic@lms.com','{bcrypt}$2a$10$wSfqZa94k.RvutGtu2y/c.LiCkhl2LfS/9ZMon8B6504kIN.cpN3u','1000000000004','Jovanovic','Jelena','1998-01-01',NULL,3,NULL);
INSERT INTO `user` (`dtype`,`id`,`active`,`email`,`password`,`jmbg`,`lastname`,`name`,`birthdate`,`biography`,`address_id`,`university_id`) VALUES ('Student',32,1,'jelena.milanovic@lms.com','{bcrypt}$2a$10$wSfqZa94k.RvutGtu2y/c.LiCkhl2LfS/9ZMon8B6504kIN.cpN3u','1000000000004','Milanovic','Jelena','1998-01-01',NULL,3,NULL);
INSERT INTO `user` (`dtype`,`id`,`active`,`email`,`password`,`jmbg`,`lastname`,`name`,`birthdate`,`biography`,`address_id`,`university_id`) VALUES ('Student',33,1,'jelena.ivanovic@lms.com','{bcrypt}$2a$10$wSfqZa94k.RvutGtu2y/c.LiCkhl2LfS/9ZMon8B6504kIN.cpN3u','1000000000004','Ivanovic','Jelena','1998-01-01',NULL,3,NULL);
INSERT INTO `user` (`dtype`,`id`,`active`,`email`,`password`,`jmbg`,`lastname`,`name`,`birthdate`,`biography`,`address_id`,`university_id`) VALUES ('Student',34,1,'jelena.jokic@lms.com','{bcrypt}$2a$10$wSfqZa94k.RvutGtu2y/c.LiCkhl2LfS/9ZMon8B6504kIN.cpN3u','1000000000004','Jokic','Jelena','1998-01-01',NULL,3,NULL);
INSERT INTO `user` (`dtype`,`id`,`active`,`email`,`password`,`jmbg`,`lastname`,`name`,`birthdate`,`biography`,`address_id`,`university_id`) VALUES ('Student',35,1,'branislav.banjac@lms.com','{bcrypt}$2a$10$wSfqZa94k.RvutGtu2y/c.LiCkhl2LfS/9ZMon8B6504kIN.cpN3u','1000000000005','Banjac','Branislav','1998-01-01',NULL,3,NULL);
INSERT INTO `user` (`dtype`,`id`,`active`,`email`,`password`,`jmbg`,`lastname`,`name`,`birthdate`,`biography`,`address_id`,`university_id`) VALUES ('Student',36,1,'branislav.licina@lms.com','{bcrypt}$2a$10$wSfqZa94k.RvutGtu2y/c.LiCkhl2LfS/9ZMon8B6504kIN.cpN3u','1000000000005','Licina','Branislav','1998-01-01',NULL,3,NULL);
INSERT INTO `user` (`dtype`,`id`,`active`,`email`,`password`,`jmbg`,`lastname`,`name`,`birthdate`,`biography`,`address_id`,`university_id`) VALUES ('Student',37,1,'branislav.ulemek@lms.com','{bcrypt}$2a$10$wSfqZa94k.RvutGtu2y/c.LiCkhl2LfS/9ZMon8B6504kIN.cpN3u','1000000000005','Ulemek','Branislav','1998-01-01',NULL,3,NULL);
INSERT INTO `user` (`dtype`,`id`,`active`,`email`,`password`,`jmbg`,`lastname`,`name`,`birthdate`,`biography`,`address_id`,`university_id`) VALUES ('Student',38,1,'branislav.jovanovic@lms.com','{bcrypt}$2a$10$wSfqZa94k.RvutGtu2y/c.LiCkhl2LfS/9ZMon8B6504kIN.cpN3u','1000000000005','Jovanovic','Branislav','1998-01-01',NULL,3,NULL);
INSERT INTO `user` (`dtype`,`id`,`active`,`email`,`password`,`jmbg`,`lastname`,`name`,`birthdate`,`biography`,`address_id`,`university_id`) VALUES ('Student',39,1,'branislav.milanovic@lms.com','{bcrypt}$2a$10$wSfqZa94k.RvutGtu2y/c.LiCkhl2LfS/9ZMon8B6504kIN.cpN3u','1000000000005','Milanovic','Branislav','1998-01-01',NULL,3,NULL);
INSERT INTO `user` (`dtype`,`id`,`active`,`email`,`password`,`jmbg`,`lastname`,`name`,`birthdate`,`biography`,`address_id`,`university_id`) VALUES ('Student',40,1,'branislav.ivanovic@lms.com','{bcrypt}$2a$10$wSfqZa94k.RvutGtu2y/c.LiCkhl2LfS/9ZMon8B6504kIN.cpN3u','1000000000005','Ivanovic','Branislav','1998-01-01',NULL,3,NULL);
INSERT INTO `user` (`dtype`,`id`,`active`,`email`,`password`,`jmbg`,`lastname`,`name`,`birthdate`,`biography`,`address_id`,`university_id`) VALUES ('Student',41,1,'branislav.jokic@lms.com','{bcrypt}$2a$10$wSfqZa94k.RvutGtu2y/c.LiCkhl2LfS/9ZMon8B6504kIN.cpN3u','1000000000005','Jokic','Branislav','1998-01-01',NULL,3,NULL);
INSERT INTO `user` (`dtype`,`id`,`active`,`email`,`password`,`jmbg`,`lastname`,`name`,`birthdate`,`biography`,`address_id`,`university_id`) VALUES ('Student',42,1,'nikola.banjac@lms.com','{bcrypt}$2a$10$wSfqZa94k.RvutGtu2y/c.LiCkhl2LfS/9ZMon8B6504kIN.cpN3u','1000000000006','Banjac','Nikola','1998-01-01',NULL,3,NULL);
INSERT INTO `user` (`dtype`,`id`,`active`,`email`,`password`,`jmbg`,`lastname`,`name`,`birthdate`,`biography`,`address_id`,`university_id`) VALUES ('Student',43,1,'nikola.licina@lms.com','{bcrypt}$2a$10$wSfqZa94k.RvutGtu2y/c.LiCkhl2LfS/9ZMon8B6504kIN.cpN3u','1000000000006','Licina','Nikola','1998-01-01',NULL,3,NULL);
INSERT INTO `user` (`dtype`,`id`,`active`,`email`,`password`,`jmbg`,`lastname`,`name`,`birthdate`,`biography`,`address_id`,`university_id`) VALUES ('Student',44,1,'nikola.ulemek@lms.com','{bcrypt}$2a$10$wSfqZa94k.RvutGtu2y/c.LiCkhl2LfS/9ZMon8B6504kIN.cpN3u','1000000000006','Ulemek','Nikola','1998-01-01',NULL,3,NULL);
INSERT INTO `user` (`dtype`,`id`,`active`,`email`,`password`,`jmbg`,`lastname`,`name`,`birthdate`,`biography`,`address_id`,`university_id`) VALUES ('Student',45,1,'nikola.jovanovic@lms.com','{bcrypt}$2a$10$wSfqZa94k.RvutGtu2y/c.LiCkhl2LfS/9ZMon8B6504kIN.cpN3u','1000000000006','Jovanovic','Nikola','1998-01-01',NULL,3,NULL);
INSERT INTO `user` (`dtype`,`id`,`active`,`email`,`password`,`jmbg`,`lastname`,`name`,`birthdate`,`biography`,`address_id`,`university_id`) VALUES ('Student',46,1,'nikola.milanovic@lms.com','{bcrypt}$2a$10$wSfqZa94k.RvutGtu2y/c.LiCkhl2LfS/9ZMon8B6504kIN.cpN3u','1000000000006','Milanovic','Nikola','1998-01-01',NULL,3,NULL);
INSERT INTO `user` (`dtype`,`id`,`active`,`email`,`password`,`jmbg`,`lastname`,`name`,`birthdate`,`biography`,`address_id`,`university_id`) VALUES ('Student',47,1,'nikola.ivanovic@lms.com','{bcrypt}$2a$10$wSfqZa94k.RvutGtu2y/c.LiCkhl2LfS/9ZMon8B6504kIN.cpN3u','1000000000006','Ivanovic','Nikola','1998-01-01',NULL,3,NULL);
INSERT INTO `user` (`dtype`,`id`,`active`,`email`,`password`,`jmbg`,`lastname`,`name`,`birthdate`,`biography`,`address_id`,`university_id`) VALUES ('Student',48,1,'nikola.jokic@lms.com','{bcrypt}$2a$10$wSfqZa94k.RvutGtu2y/c.LiCkhl2LfS/9ZMon8B6504kIN.cpN3u','1000000000006','Jokic','Nikola','1998-01-01',NULL,3,NULL);
INSERT INTO `user` (`dtype`,`id`,`active`,`email`,`password`,`jmbg`,`lastname`,`name`,`birthdate`,`biography`,`address_id`,`university_id`) VALUES ('Student',49,1,'jovana.banjac@lms.com','{bcrypt}$2a$10$wSfqZa94k.RvutGtu2y/c.LiCkhl2LfS/9ZMon8B6504kIN.cpN3u','1000000000007','Banjac','Jovana','1998-01-01',NULL,3,NULL);
INSERT INTO `user` (`dtype`,`id`,`active`,`email`,`password`,`jmbg`,`lastname`,`name`,`birthdate`,`biography`,`address_id`,`university_id`) VALUES ('Student',50,1,'jovana.licina@lms.com','{bcrypt}$2a$10$wSfqZa94k.RvutGtu2y/c.LiCkhl2LfS/9ZMon8B6504kIN.cpN3u','1000000000007','Licina','Jovana','1998-01-01',NULL,3,NULL);
INSERT INTO `user` (`dtype`,`id`,`active`,`email`,`password`,`jmbg`,`lastname`,`name`,`birthdate`,`biography`,`address_id`,`university_id`) VALUES ('Student',51,1,'jovana.ulemek@lms.com','{bcrypt}$2a$10$wSfqZa94k.RvutGtu2y/c.LiCkhl2LfS/9ZMon8B6504kIN.cpN3u','1000000000007','Ulemek','Jovana','1998-01-01',NULL,3,NULL);
INSERT INTO `user` (`dtype`,`id`,`active`,`email`,`password`,`jmbg`,`lastname`,`name`,`birthdate`,`biography`,`address_id`,`university_id`) VALUES ('Student',52,1,'jovana.jovanovic@lms.com','{bcrypt}$2a$10$wSfqZa94k.RvutGtu2y/c.LiCkhl2LfS/9ZMon8B6504kIN.cpN3u','1000000000007','Jovanovic','Jovana','1998-01-01',NULL,3,NULL);
INSERT INTO `user` (`dtype`,`id`,`active`,`email`,`password`,`jmbg`,`lastname`,`name`,`birthdate`,`biography`,`address_id`,`university_id`) VALUES ('Student',53,1,'jovana.milanovic@lms.com','{bcrypt}$2a$10$wSfqZa94k.RvutGtu2y/c.LiCkhl2LfS/9ZMon8B6504kIN.cpN3u','1000000000007','Milanovic','Jovana','1998-01-01',NULL,3,NULL);
INSERT INTO `user` (`dtype`,`id`,`active`,`email`,`password`,`jmbg`,`lastname`,`name`,`birthdate`,`biography`,`address_id`,`university_id`) VALUES ('Student',54,1,'jovana.ivanovic@lms.com','{bcrypt}$2a$10$wSfqZa94k.RvutGtu2y/c.LiCkhl2LfS/9ZMon8B6504kIN.cpN3u','1000000000007','Ivanovic','Jovana','1998-01-01',NULL,3,NULL);
INSERT INTO `user` (`dtype`,`id`,`active`,`email`,`password`,`jmbg`,`lastname`,`name`,`birthdate`,`biography`,`address_id`,`university_id`) VALUES ('Student',55,1,'jovana.jokic@lms.com','{bcrypt}$2a$10$wSfqZa94k.RvutGtu2y/c.LiCkhl2LfS/9ZMon8B6504kIN.cpN3u','1000000000007','Jokic','Jovana','1998-01-01',NULL,3,NULL);
INSERT INTO `user` (`dtype`,`id`,`active`,`email`,`password`,`jmbg`,`lastname`,`name`,`birthdate`,`biography`,`address_id`,`university_id`) VALUES ('Student',56,1,'ana.banjac@lms.com','{bcrypt}$2a$10$wSfqZa94k.RvutGtu2y/c.LiCkhl2LfS/9ZMon8B6504kIN.cpN3u','1000000000008','Banjac','Ana','1998-01-01',NULL,3,NULL);
INSERT INTO `user` (`dtype`,`id`,`active`,`email`,`password`,`jmbg`,`lastname`,`name`,`birthdate`,`biography`,`address_id`,`university_id`) VALUES ('Student',57,1,'ana.licina@lms.com','{bcrypt}$2a$10$wSfqZa94k.RvutGtu2y/c.LiCkhl2LfS/9ZMon8B6504kIN.cpN3u','1000000000008','Licina','Ana','1998-01-01',NULL,3,NULL);
INSERT INTO `user` (`dtype`,`id`,`active`,`email`,`password`,`jmbg`,`lastname`,`name`,`birthdate`,`biography`,`address_id`,`university_id`) VALUES ('Student',58,1,'ana.ulemek@lms.com','{bcrypt}$2a$10$wSfqZa94k.RvutGtu2y/c.LiCkhl2LfS/9ZMon8B6504kIN.cpN3u','1000000000008','Ulemek','Ana','1998-01-01',NULL,3,NULL);
INSERT INTO `user` (`dtype`,`id`,`active`,`email`,`password`,`jmbg`,`lastname`,`name`,`birthdate`,`biography`,`address_id`,`university_id`) VALUES ('Student',59,1,'ana.jovanovic@lms.com','{bcrypt}$2a$10$wSfqZa94k.RvutGtu2y/c.LiCkhl2LfS/9ZMon8B6504kIN.cpN3u','1000000000008','Jovanovic','Ana','1998-01-01',NULL,3,NULL);
INSERT INTO `user` (`dtype`,`id`,`active`,`email`,`password`,`jmbg`,`lastname`,`name`,`birthdate`,`biography`,`address_id`,`university_id`) VALUES ('Student',60,1,'ana.milanovic@lms.com','{bcrypt}$2a$10$wSfqZa94k.RvutGtu2y/c.LiCkhl2LfS/9ZMon8B6504kIN.cpN3u','1000000000008','Milanovic','Ana','1998-01-01',NULL,3,NULL);
INSERT INTO `user` (`dtype`,`id`,`active`,`email`,`password`,`jmbg`,`lastname`,`name`,`birthdate`,`biography`,`address_id`,`university_id`) VALUES ('Student',61,1,'ana.ivanovic@lms.com','{bcrypt}$2a$10$wSfqZa94k.RvutGtu2y/c.LiCkhl2LfS/9ZMon8B6504kIN.cpN3u','1000000000008','Ivanovic','Ana','1998-01-01',NULL,3,NULL);
INSERT INTO `user` (`dtype`,`id`,`active`,`email`,`password`,`jmbg`,`lastname`,`name`,`birthdate`,`biography`,`address_id`,`university_id`) VALUES ('Student',62,1,'ana.jokic@lms.com','{bcrypt}$2a$10$wSfqZa94k.RvutGtu2y/c.LiCkhl2LfS/9ZMon8B6504kIN.cpN3u','1000000000008','Jokic','Ana','1998-01-01',NULL,3,NULL);
INSERT INTO `user` (`dtype`,`id`,`active`,`email`,`password`,`jmbg`,`lastname`,`name`,`birthdate`,`biography`,`address_id`,`university_id`) VALUES ('Student',63,1,'uros.banjac@lms.com','{bcrypt}$2a$10$wSfqZa94k.RvutGtu2y/c.LiCkhl2LfS/9ZMon8B6504kIN.cpN3u','1000000000009','Banjac','Uros','1998-01-01',NULL,3,NULL);
INSERT INTO `user` (`dtype`,`id`,`active`,`email`,`password`,`jmbg`,`lastname`,`name`,`birthdate`,`biography`,`address_id`,`university_id`) VALUES ('Student',64,1,'uros.licina@lms.com','{bcrypt}$2a$10$wSfqZa94k.RvutGtu2y/c.LiCkhl2LfS/9ZMon8B6504kIN.cpN3u','1000000000009','Licina','Uros','1998-01-01',NULL,3,NULL);
INSERT INTO `user` (`dtype`,`id`,`active`,`email`,`password`,`jmbg`,`lastname`,`name`,`birthdate`,`biography`,`address_id`,`university_id`) VALUES ('Student',65,1,'uros.ulemek@lms.com','{bcrypt}$2a$10$wSfqZa94k.RvutGtu2y/c.LiCkhl2LfS/9ZMon8B6504kIN.cpN3u','1000000000009','Ulemek','Uros','1998-01-01',NULL,3,NULL);
INSERT INTO `user` (`dtype`,`id`,`active`,`email`,`password`,`jmbg`,`lastname`,`name`,`birthdate`,`biography`,`address_id`,`university_id`) VALUES ('Student',66,1,'uros.jovanovic@lms.com','{bcrypt}$2a$10$wSfqZa94k.RvutGtu2y/c.LiCkhl2LfS/9ZMon8B6504kIN.cpN3u','1000000000009','Jovanovic','Uros','1998-01-01',NULL,3,NULL);
INSERT INTO `user` (`dtype`,`id`,`active`,`email`,`password`,`jmbg`,`lastname`,`name`,`birthdate`,`biography`,`address_id`,`university_id`) VALUES ('Student',67,1,'uros.milanovic@lms.com','{bcrypt}$2a$10$wSfqZa94k.RvutGtu2y/c.LiCkhl2LfS/9ZMon8B6504kIN.cpN3u','1000000000009','Milanovic','Uros','1998-01-01',NULL,3,NULL);
INSERT INTO `user` (`dtype`,`id`,`active`,`email`,`password`,`jmbg`,`lastname`,`name`,`birthdate`,`biography`,`address_id`,`university_id`) VALUES ('Student',68,1,'uros.ivanovic@lms.com','{bcrypt}$2a$10$wSfqZa94k.RvutGtu2y/c.LiCkhl2LfS/9ZMon8B6504kIN.cpN3u','1000000000009','Ivanovic','Uros','1998-01-01',NULL,3,NULL);
INSERT INTO `user` (`dtype`,`id`,`active`,`email`,`password`,`jmbg`,`lastname`,`name`,`birthdate`,`biography`,`address_id`,`university_id`) VALUES ('Student',69,1,'uros.jokic@lms.com','{bcrypt}$2a$10$wSfqZa94k.RvutGtu2y/c.LiCkhl2LfS/9ZMon8B6504kIN.cpN3u','1000000000009','Jokic','Uros','1998-01-01',NULL,3,NULL);
INSERT INTO `user` (`dtype`,`id`,`active`,`email`,`password`,`jmbg`,`lastname`,`name`,`birthdate`,`biography`,`address_id`,`university_id`) VALUES ('Student',70,1,'milica.banjac@lms.com','{bcrypt}$2a$10$wSfqZa94k.RvutGtu2y/c.LiCkhl2LfS/9ZMon8B6504kIN.cpN3u','1000000000010','Banjac','Milica','1998-01-01',NULL,3,NULL);
INSERT INTO `user` (`dtype`,`id`,`active`,`email`,`password`,`jmbg`,`lastname`,`name`,`birthdate`,`biography`,`address_id`,`university_id`) VALUES ('Student',71,1,'milica.licina@lms.com','{bcrypt}$2a$10$wSfqZa94k.RvutGtu2y/c.LiCkhl2LfS/9ZMon8B6504kIN.cpN3u','1000000000010','Licina','Milica','1998-01-01',NULL,3,NULL);
INSERT INTO `user` (`dtype`,`id`,`active`,`email`,`password`,`jmbg`,`lastname`,`name`,`birthdate`,`biography`,`address_id`,`university_id`) VALUES ('Student',72,1,'milica.ulemek@lms.com','{bcrypt}$2a$10$wSfqZa94k.RvutGtu2y/c.LiCkhl2LfS/9ZMon8B6504kIN.cpN3u','1000000000010','Ulemek','Milica','1998-01-01',NULL,3,NULL);
INSERT INTO `user` (`dtype`,`id`,`active`,`email`,`password`,`jmbg`,`lastname`,`name`,`birthdate`,`biography`,`address_id`,`university_id`) VALUES ('Student',73,1,'milica.jovanovic@lms.com','{bcrypt}$2a$10$wSfqZa94k.RvutGtu2y/c.LiCkhl2LfS/9ZMon8B6504kIN.cpN3u','1000000000010','Jovanovic','Milica','1998-01-01',NULL,3,NULL);
INSERT INTO `user` (`dtype`,`id`,`active`,`email`,`password`,`jmbg`,`lastname`,`name`,`birthdate`,`biography`,`address_id`,`university_id`) VALUES ('Student',74,1,'milica.milanovic@lms.com','{bcrypt}$2a$10$wSfqZa94k.RvutGtu2y/c.LiCkhl2LfS/9ZMon8B6504kIN.cpN3u','1000000000010','Milanovic','Milica','1998-01-01',NULL,3,NULL);
INSERT INTO `user` (`dtype`,`id`,`active`,`email`,`password`,`jmbg`,`lastname`,`name`,`birthdate`,`biography`,`address_id`,`university_id`) VALUES ('Student',75,1,'milica.ivanovic@lms.com','{bcrypt}$2a$10$wSfqZa94k.RvutGtu2y/c.LiCkhl2LfS/9ZMon8B6504kIN.cpN3u','1000000000010','Ivanovic','Milica','1998-01-01',NULL,3,NULL);
INSERT INTO `user` (`dtype`,`id`,`active`,`email`,`password`,`jmbg`,`lastname`,`name`,`birthdate`,`biography`,`address_id`,`university_id`) VALUES ('Student',76,1,'milica.jokic@lms.com','{bcrypt}$2a$10$wSfqZa94k.RvutGtu2y/c.LiCkhl2LfS/9ZMon8B6504kIN.cpN3u','1000000000010','Jokic','Milica','1998-01-01',NULL,3,NULL);



INSERT INTO `university` (`id`,`dateofestablishment`,`name`,`address_id`,`rector_id`,`email`,`phone`) VALUES (1,'2005-01-17 00:00:00','Univerzitet Singidunum',1,3,'singidunum@lms.com','+381111444');



INSERT INTO `user` (`dtype`,`id`,`active`,`email`,`password`,`jmbg`,`lastname`,`name`,`birthdate`,`biography`,`address_id`,`university_id`) VALUES ('AdministrativeStaff',2,1,'staff@lms.com','{bcrypt}$2a$10$wSfqZa94k.RvutGtu2y/c.LiCkhl2LfS/9ZMon8B6504kIN.cpN3u','1234567891111','Jovanovic','Jovana',NULL,NULL,3,1);



INSERT INTO `faculty` (`id`,`name`,`address_id`,`teacher_id`,`university_id`,`email`,`phone`) VALUES (1,'Fakultet Tehnickih Nauka',2,4,1,'ftn@lms.com','+381333444');
INSERT INTO `faculty` (`id`,`name`,`address_id`,`teacher_id`,`university_id`,`email`,`phone`) VALUES (2,'Ekonomski Fakultet',2,5,1,'ef@lsm.com','+381999888');



INSERT INTO `major` (`id`,`name`,`faculty_id`) VALUES (1,'Softversko i Informaciono inzenjerstvo',1);
INSERT INTO `major` (`id`,`name`,`faculty_id`) VALUES (2,'Poslovna ekonomija',2);



INSERT INTO `study_year` (`id`,`year`,`major_id`) VALUES (1,1,1);
INSERT INTO `study_year` (`id`,`year`,`major_id`) VALUES (2,2,1);
INSERT INTO `study_year` (`id`,`year`,`major_id`) VALUES (3,3,1);
INSERT INTO `study_year` (`id`,`year`,`major_id`) VALUES (4,4,1);
INSERT INTO `study_year` (`id`,`year`,`major_id`) VALUES (5,1,2);
INSERT INTO `study_year` (`id`,`year`,`major_id`) VALUES (6,2,2);
INSERT INTO `study_year` (`id`,`year`,`major_id`) VALUES (7,3,2);
INSERT INTO `study_year` (`id`,`year`,`major_id`) VALUES (8,4,2);




INSERT INTO `student_year` (`id`,`dateofenrollment`,`indexnumber`,`student_id`,`studyyear_id`) VALUES (1,'2019-11-11','100000',7,1);
INSERT INTO `student_year` (`id`,`dateofenrollment`,`indexnumber`,`student_id`,`studyyear_id`) VALUES (2,'2019-11-11','100001',8,2);
INSERT INTO `student_year` (`id`,`dateofenrollment`,`indexnumber`,`student_id`,`studyyear_id`) VALUES (3,'2019-11-11','100002',9,3);
INSERT INTO `student_year` (`id`,`dateofenrollment`,`indexnumber`,`student_id`,`studyyear_id`) VALUES (4,'2019-11-11','100003',10,4);
INSERT INTO `student_year` (`id`,`dateofenrollment`,`indexnumber`,`student_id`,`studyyear_id`) VALUES (5,'2019-11-11','100004',11,5);
INSERT INTO `student_year` (`id`,`dateofenrollment`,`indexnumber`,`student_id`,`studyyear_id`) VALUES (6,'2019-11-11','100005',12,6);
INSERT INTO `student_year` (`id`,`dateofenrollment`,`indexnumber`,`student_id`,`studyyear_id`) VALUES (7,'2019-11-11','100006',13,7);
INSERT INTO `student_year` (`id`,`dateofenrollment`,`indexnumber`,`student_id`,`studyyear_id`) VALUES (8,'2019-11-11','100007',14,8);
INSERT INTO `student_year` (`id`,`dateofenrollment`,`indexnumber`,`student_id`,`studyyear_id`) VALUES (9,'2019-11-11','100008',15,1);
INSERT INTO `student_year` (`id`,`dateofenrollment`,`indexnumber`,`student_id`,`studyyear_id`) VALUES (10,'2019-11-11','100009',16,2);
INSERT INTO `student_year` (`id`,`dateofenrollment`,`indexnumber`,`student_id`,`studyyear_id`) VALUES (11,'2019-11-11','100010',17,3);
INSERT INTO `student_year` (`id`,`dateofenrollment`,`indexnumber`,`student_id`,`studyyear_id`) VALUES (12,'2019-11-11','100011',18,4);
INSERT INTO `student_year` (`id`,`dateofenrollment`,`indexnumber`,`student_id`,`studyyear_id`) VALUES (13,'2019-11-11','100012',19,5);
INSERT INTO `student_year` (`id`,`dateofenrollment`,`indexnumber`,`student_id`,`studyyear_id`) VALUES (14,'2019-11-11','100013',20,6);
INSERT INTO `student_year` (`id`,`dateofenrollment`,`indexnumber`,`student_id`,`studyyear_id`) VALUES (15,'2019-11-11','100014',21,7);
INSERT INTO `student_year` (`id`,`dateofenrollment`,`indexnumber`,`student_id`,`studyyear_id`) VALUES (16,'2019-11-11','100015',22,8);
INSERT INTO `student_year` (`id`,`dateofenrollment`,`indexnumber`,`student_id`,`studyyear_id`) VALUES (17,'2019-11-11','100016',23,1);
INSERT INTO `student_year` (`id`,`dateofenrollment`,`indexnumber`,`student_id`,`studyyear_id`) VALUES (18,'2019-11-11','100017',24,2);
INSERT INTO `student_year` (`id`,`dateofenrollment`,`indexnumber`,`student_id`,`studyyear_id`) VALUES (19,'2019-11-11','100018',25,3);
INSERT INTO `student_year` (`id`,`dateofenrollment`,`indexnumber`,`student_id`,`studyyear_id`) VALUES (20,'2019-11-11','100019',26,4);
INSERT INTO `student_year` (`id`,`dateofenrollment`,`indexnumber`,`student_id`,`studyyear_id`) VALUES (21,'2019-11-11','100020',27,5);
INSERT INTO `student_year` (`id`,`dateofenrollment`,`indexnumber`,`student_id`,`studyyear_id`) VALUES (22,'2019-11-11','100021',28,6);
INSERT INTO `student_year` (`id`,`dateofenrollment`,`indexnumber`,`student_id`,`studyyear_id`) VALUES (23,'2019-11-11','100022',29,7);
INSERT INTO `student_year` (`id`,`dateofenrollment`,`indexnumber`,`student_id`,`studyyear_id`) VALUES (24,'2019-11-11','100023',30,8);
INSERT INTO `student_year` (`id`,`dateofenrollment`,`indexnumber`,`student_id`,`studyyear_id`) VALUES (25,'2019-11-11','100024',31,1);
INSERT INTO `student_year` (`id`,`dateofenrollment`,`indexnumber`,`student_id`,`studyyear_id`) VALUES (26,'2019-11-11','100025',32,2);
INSERT INTO `student_year` (`id`,`dateofenrollment`,`indexnumber`,`student_id`,`studyyear_id`) VALUES (27,'2019-11-11','100026',33,3);
INSERT INTO `student_year` (`id`,`dateofenrollment`,`indexnumber`,`student_id`,`studyyear_id`) VALUES (28,'2019-11-11','100028',34,4);
INSERT INTO `student_year` (`id`,`dateofenrollment`,`indexnumber`,`student_id`,`studyyear_id`) VALUES (29,'2019-11-11','100029',35,5);
INSERT INTO `student_year` (`id`,`dateofenrollment`,`indexnumber`,`student_id`,`studyyear_id`) VALUES (30,'2019-11-11','100030',36,6);
INSERT INTO `student_year` (`id`,`dateofenrollment`,`indexnumber`,`student_id`,`studyyear_id`) VALUES (31,'2019-11-11','100031',37,7);
INSERT INTO `student_year` (`id`,`dateofenrollment`,`indexnumber`,`student_id`,`studyyear_id`) VALUES (32,'2019-11-11','100032',38,8);
INSERT INTO `student_year` (`id`,`dateofenrollment`,`indexnumber`,`student_id`,`studyyear_id`) VALUES (33,'2019-11-11','100033',39,1);
INSERT INTO `student_year` (`id`,`dateofenrollment`,`indexnumber`,`student_id`,`studyyear_id`) VALUES (34,'2019-11-11','100034',40,2);
INSERT INTO `student_year` (`id`,`dateofenrollment`,`indexnumber`,`student_id`,`studyyear_id`) VALUES (35,'2019-11-11','100035',41,3);
INSERT INTO `student_year` (`id`,`dateofenrollment`,`indexnumber`,`student_id`,`studyyear_id`) VALUES (36,'2019-11-11','100036',42,4);
INSERT INTO `student_year` (`id`,`dateofenrollment`,`indexnumber`,`student_id`,`studyyear_id`) VALUES (37,'2019-11-11','100037',43,5);
INSERT INTO `student_year` (`id`,`dateofenrollment`,`indexnumber`,`student_id`,`studyyear_id`) VALUES (38,'2019-11-11','100038',44,6);
INSERT INTO `student_year` (`id`,`dateofenrollment`,`indexnumber`,`student_id`,`studyyear_id`) VALUES (39,'2019-11-11','100039',45,7);
INSERT INTO `student_year` (`id`,`dateofenrollment`,`indexnumber`,`student_id`,`studyyear_id`) VALUES (40,'2019-11-11','100040',46,8);
INSERT INTO `student_year` (`id`,`dateofenrollment`,`indexnumber`,`student_id`,`studyyear_id`) VALUES (41,'2019-11-11','100041',47,1);
INSERT INTO `student_year` (`id`,`dateofenrollment`,`indexnumber`,`student_id`,`studyyear_id`) VALUES (42,'2019-11-11','100042',48,2);
INSERT INTO `student_year` (`id`,`dateofenrollment`,`indexnumber`,`student_id`,`studyyear_id`) VALUES (43,'2019-11-11','100043',49,3);
INSERT INTO `student_year` (`id`,`dateofenrollment`,`indexnumber`,`student_id`,`studyyear_id`) VALUES (44,'2019-11-11','100044',50,4);
INSERT INTO `student_year` (`id`,`dateofenrollment`,`indexnumber`,`student_id`,`studyyear_id`) VALUES (45,'2019-11-11','100045',51,5);
INSERT INTO `student_year` (`id`,`dateofenrollment`,`indexnumber`,`student_id`,`studyyear_id`) VALUES (46,'2019-11-11','100046',52,6);
INSERT INTO `student_year` (`id`,`dateofenrollment`,`indexnumber`,`student_id`,`studyyear_id`) VALUES (47,'2019-11-11','100047',53,7);
INSERT INTO `student_year` (`id`,`dateofenrollment`,`indexnumber`,`student_id`,`studyyear_id`) VALUES (48,'2019-11-11','100048',54,8);
INSERT INTO `student_year` (`id`,`dateofenrollment`,`indexnumber`,`student_id`,`studyyear_id`) VALUES (49,'2019-11-11','100049',55,1);
INSERT INTO `student_year` (`id`,`dateofenrollment`,`indexnumber`,`student_id`,`studyyear_id`) VALUES (50,'2019-11-11','100050',56,2);
INSERT INTO `student_year` (`id`,`dateofenrollment`,`indexnumber`,`student_id`,`studyyear_id`) VALUES (51,'2019-11-11','100051',57,3);
INSERT INTO `student_year` (`id`,`dateofenrollment`,`indexnumber`,`student_id`,`studyyear_id`) VALUES (52,'2019-11-11','100052',58,4);
INSERT INTO `student_year` (`id`,`dateofenrollment`,`indexnumber`,`student_id`,`studyyear_id`) VALUES (53,'2019-11-11','100053',59,5);
INSERT INTO `student_year` (`id`,`dateofenrollment`,`indexnumber`,`student_id`,`studyyear_id`) VALUES (54,'2019-11-11','100054',60,6);
INSERT INTO `student_year` (`id`,`dateofenrollment`,`indexnumber`,`student_id`,`studyyear_id`) VALUES (55,'2019-11-11','100055',61,7);
INSERT INTO `student_year` (`id`,`dateofenrollment`,`indexnumber`,`student_id`,`studyyear_id`) VALUES (56,'2019-11-11','100056',62,8);
INSERT INTO `student_year` (`id`,`dateofenrollment`,`indexnumber`,`student_id`,`studyyear_id`) VALUES (57,'2019-11-11','100057',63,1);
INSERT INTO `student_year` (`id`,`dateofenrollment`,`indexnumber`,`student_id`,`studyyear_id`) VALUES (58,'2019-11-11','100058',64,2);
INSERT INTO `student_year` (`id`,`dateofenrollment`,`indexnumber`,`student_id`,`studyyear_id`) VALUES (59,'2019-11-11','100059',65,3);
INSERT INTO `student_year` (`id`,`dateofenrollment`,`indexnumber`,`student_id`,`studyyear_id`) VALUES (60,'2019-11-11','100060',66,4);
INSERT INTO `student_year` (`id`,`dateofenrollment`,`indexnumber`,`student_id`,`studyyear_id`) VALUES (61,'2019-11-11','100061',67,5);
INSERT INTO `student_year` (`id`,`dateofenrollment`,`indexnumber`,`student_id`,`studyyear_id`) VALUES (62,'2019-11-11','100062',68,1);
INSERT INTO `student_year` (`id`,`dateofenrollment`,`indexnumber`,`student_id`,`studyyear_id`) VALUES (63,'2019-11-11','100063',69,6);
INSERT INTO `student_year` (`id`,`dateofenrollment`,`indexnumber`,`student_id`,`studyyear_id`) VALUES (64,'2019-11-11','100064',70,7);
INSERT INTO `student_year` (`id`,`dateofenrollment`,`indexnumber`,`student_id`,`studyyear_id`) VALUES (65,'2019-11-11','100065',71,8);
INSERT INTO `student_year` (`id`,`dateofenrollment`,`indexnumber`,`student_id`,`studyyear_id`) VALUES (66,'2019-11-11','100066',72,1);
INSERT INTO `student_year` (`id`,`dateofenrollment`,`indexnumber`,`student_id`,`studyyear_id`) VALUES (67,'2019-11-11','100067',73,2);
INSERT INTO `student_year` (`id`,`dateofenrollment`,`indexnumber`,`student_id`,`studyyear_id`) VALUES (68,'2019-11-11','100068',74,3);
INSERT INTO `student_year` (`id`,`dateofenrollment`,`indexnumber`,`student_id`,`studyyear_id`) VALUES (69,'2019-11-11','100069',75,4);
INSERT INTO `student_year` (`id`,`dateofenrollment`,`indexnumber`,`student_id`,`studyyear_id`) VALUES (70,'2019-11-11','100070',76,1);
INSERT INTO `lms`.`day_title` (`id`, `name`) VALUES ('1', 'ponedeljak');
INSERT INTO `lms`.`day_title` (`id`, `name`) VALUES ('2', 'utorak');
INSERT INTO `lms`.`day_title` (`id`, `name`) VALUES ('3', 'sreda');
INSERT INTO `lms`.`day_title` (`id`, `name`) VALUES ('4', 'cetvrtak');
INSERT INTO `lms`.`day_title` (`id`, `name`) VALUES ('5', 'petak');
INSERT INTO `lms`.`day_title` (`id`, `name`) VALUES ('6', 'subota');
INSERT INTO `lms`.`day_title` (`id`, `name`) VALUES ('7', 'nedelja');
INSERT INTO `lms`.`user_notification` (`id`, `created`, `message`, `title`, `user_id`) VALUES ('1', '14.07.2020', 'cao', 'pozdrav', '1');
